0.43598053,0.41047212,0.08296476,0.010754549,0.025370961,0.034457132
0.5072039,0.22397077,0.12983496,0.021280894,0.04835792,0.06935157
0.42461836,0.26692623,0.14484051,0.024578722,0.06030029,0.07873587
0.34126407,0.35760075,0.13205841,0.025658922,0.06635763,0.07706024
0.2932245,0.3187594,0.17792979,0.03047059,0.07314432,0.10647148
0.4381612,0.21787584,0.16888863,0.02786877,0.05930634,0.087899305
0.45563087,0.22434524,0.14776298,0.025623767,0.061267227,0.08536989
0.48414558,0.26034823,0.11722998,0.020226473,0.051858302,0.06619145
0.5280223,0.20651713,0.115180425,0.021910734,0.052965246,0.07540412
0.44562042,0.23996675,0.12552147,0.030503884,0.07131728,0.08707017
0.4871601,0.22169338,0.12557314,0.025464071,0.059440203,0.08066916
0.49290368,0.22104453,0.1256542,0.024559433,0.056553666,0.07928446
0.47323382,0.22307053,0.11786832,0.031157224,0.07138624,0.08328379
0.4752811,0.20729345,0.14308202,0.027574997,0.05680665,0.089961834
0.4502105,0.2309306,0.12914169,0.030208834,0.069911584,0.08959676
0.46920854,0.21800971,0.12241672,0.029993111,0.069926575,0.090445414
0.399622,0.2347261,0.14184149,0.043618478,0.08583727,0.09435469
0.38469422,0.29976547,0.16318133,0.022830142,0.057297938,0.07223085
0.48015195,0.1991081,0.13005063,0.030860258,0.06969657,0.09013253
0.4912998,0.19863844,0.12736501,0.030277066,0.065192096,0.08722767
0.5079193,0.2031258,0.12956592,0.025625559,0.05490654,0.07885686
0.46613213,0.21737152,0.15657741,0.024958042,0.055120707,0.07984017
0.51911825,0.24492098,0.12045327,0.0171107,0.039774954,0.05862179
0.4430903,0.41134015,0.0772491,0.010381708,0.023965871,0.033972837
0.45843667,0.25642106,0.14575535,0.020584915,0.0485323,0.07026975
0.2981242,0.40215132,0.14850871,0.021258663,0.055176757,0.07478034
0.44572213,0.24992846,0.1476726,0.023794435,0.059497654,0.073384725
0.31255507,0.38895094,0.13008066,0.024258258,0.05630327,0.08785178
0.28613466,0.40249044,0.15043436,0.02364318,0.053015158,0.084282205
0.2653668,0.35733736,0.1508981,0.039656643,0.074267626,0.11247344
0.2394247,0.37883937,0.1706859,0.03510702,0.06654159,0.10940142
0.32253614,0.37184832,0.14871126,0.023032332,0.051312096,0.082559824
0.32910517,0.3038732,0.16750519,0.03132499,0.0908407,0.07735072
0.36934024,0.27615798,0.14400747,0.032793593,0.07465124,0.1030495
0.30993,0.29054558,0.17610048,0.0382534,0.0801352,0.10503533
0.2981307,0.3161368,0.1594226,0.034919076,0.09124558,0.10014525
0.33818123,0.36238897,0.13978735,0.024273675,0.05113166,0.084237084
0.33116496,0.31804624,0.15958796,0.030062329,0.0679452,0.0931934
0.36527044,0.33082384,0.14634761,0.022866696,0.05577965,0.07891178
0.3124838,0.26997805,0.1378934,0.053244844,0.100425735,0.12597415
0.34431097,0.25182584,0.17737138,0.0371513,0.08674941,0.10259104
0.40879008,0.23743424,0.16028115,0.030088013,0.068553284,0.094853245
0.36309475,0.33626676,0.1429493,0.02431069,0.057552602,0.0758259
0.2883436,0.31853744,0.1799167,0.039078385,0.080225006,0.09389884
0.23523903,0.37387908,0.159683,0.041395225,0.08841269,0.10139099
0.34650406,0.2735485,0.16463745,0.035375666,0.08446638,0.095467895
0.25555742,0.53968304,0.10424578,0.014654732,0.036546893,0.049312178
0.35046342,0.43318123,0.11086562,0.013835662,0.038301475,0.053352583
0.3181158,0.31099832,0.17693178,0.031500634,0.06930241,0.09315106
0.30210578,0.2959228,0.17747301,0.038264547,0.07986255,0.10637134
0.35148975,0.34388864,0.13702197,0.024285898,0.060755096,0.08255858
0.32186455,0.30829448,0.17298338,0.031364333,0.06340499,0.10208833
0.23868057,0.30615538,0.18625267,0.054950275,0.097811684,0.11614942
0.299968,0.4548524,0.12443374,0.01627794,0.046666563,0.057801317
0.2755095,0.31273127,0.18979551,0.03617633,0.08510436,0.100682974
0.35939813,0.23759148,0.17967728,0.036261022,0.078612216,0.10845984
0.3461398,0.25272593,0.18719588,0.034942858,0.07646281,0.10253282
0.36724782,0.2785355,0.15173143,0.03166587,0.07156451,0.099254824
0.29108432,0.4291216,0.14035362,0.019285971,0.048206642,0.071947806
0.306417,0.33503246,0.1709935,0.029705284,0.061257087,0.09659464
0.28462964,0.3404395,0.17112824,0.03246562,0.06438765,0.106949314
0.3110258,0.32116848,0.16194347,0.033144057,0.07609826,0.09661994
0.31295356,0.3125081,0.16098578,0.0336428,0.074903645,0.105006054
0.3227795,0.32679683,0.14461827,0.031511653,0.07194305,0.10235071
0.30738467,0.36718166,0.15662575,0.023736704,0.05624783,0.08882336
0.26278058,0.28222093,0.15922657,0.05259513,0.123530865,0.11964596
0.36991924,0.26054585,0.16686282,0.032227106,0.07127462,0.099170394
0.26526165,0.2912625,0.20169571,0.04625778,0.088210665,0.10731169
0.38973933,0.17599548,0.26612246,0.025307525,0.057215158,0.08562
0.437179,0.19021448,0.18624982,0.031442784,0.06763769,0.08727626
0.4420255,0.18926892,0.1812934,0.030991979,0.07196738,0.08445282
0.46280253,0.17951082,0.17524457,0.029859092,0.069536395,0.08304654
0.523844,0.17389901,0.15278958,0.023705795,0.05421562,0.071546026
0.4555838,0.18173094,0.1743881,0.031811204,0.06954454,0.08694142
0.47781605,0.17924635,0.16582488,0.030783542,0.06879948,0.07752965
0.45509833,0.18561128,0.17503628,0.031149613,0.065384164,0.08772037
0.43354124,0.19230817,0.17889212,0.031266693,0.069037475,0.09495433
0.46282765,0.17024606,0.18413639,0.030449573,0.064019285,0.08832107
0.3090251,0.28237203,0.20662966,0.03167617,0.08257591,0.087721124
0.45040697,0.17537752,0.18359147,0.031744324,0.06759823,0.09128152
0.3400203,0.260226,0.19146839,0.03166597,0.0833878,0.09323155
0.37422022,0.21012357,0.21218804,0.03246226,0.07361174,0.097394176
0.48646015,0.15571435,0.18196416,0.02861324,0.06476867,0.08247948
0.4594217,0.17724627,0.17383474,0.029228026,0.068379454,0.091889724
0.32415164,0.24648233,0.2031938,0.033007808,0.086635344,0.106529094
0.41232502,0.17566442,0.22413747,0.03013696,0.062485233,0.09525088
0.42483634,0.19405398,0.1868754,0.032095965,0.069109924,0.09302834
0.44412243,0.17582673,0.20676452,0.02799737,0.061451655,0.08383733
0.4386893,0.18958214,0.18072674,0.03192684,0.06980875,0.089266166
0.43538854,0.18751031,0.18775252,0.031077404,0.07013606,0.08813512
0.43299937,0.18716568,0.19204056,0.0314027,0.0692554,0.08713635
0.44442305,0.18037713,0.18121788,0.031983778,0.07215763,0.0898405
0.38296723,0.1991264,0.20669717,0.035601076,0.07839992,0.09720827
0.511752,0.16669062,0.16069669,0.024451315,0.05999595,0.07641336
0.41214654,0.18171853,0.17680775,0.04516521,0.09239291,0.0917691
0.40382665,0.19469523,0.19157155,0.035284147,0.07881438,0.09580806
0.44268268,0.2094272,0.14368042,0.035263073,0.07313823,0.09580841
0.46251974,0.19323517,0.140222,0.03475348,0.07275457,0.09651515
0.47508037,0.17573375,0.14302365,0.03340771,0.07493503,0.09781944
0.46730393,0.18331622,0.15273517,0.032093078,0.068435356,0.09611627
0.45849705,0.16842271,0.17927948,0.030442443,0.06718904,0.096169256
0.41341615,0.17893043,0.2170251,0.0307694,0.0665486,0.09331039
0.41252518,0.17083707,0.22763112,0.030361727,0.06415309,0.094491795
0.4956845,0.1732116,0.13641354,0.032038666,0.069510385,0.09314139
0.4495611,0.1931449,0.14717984,0.034257296,0.073612824,0.102244
0.40255153,0.2101661,0.1688765,0.036396094,0.07777949,0.10423027
0.54198146,0.20354696,0.12385892,0.018167714,0.04515448,0.06729042
0.40498674,0.16349322,0.2525963,0.02921021,0.056367114,0.09334648
0.44672805,0.18767294,0.15284915,0.03448683,0.07145436,0.106808685
0.5012798,0.18366611,0.14224797,0.024419168,0.064373575,0.084013395
0.44507244,0.1958442,0.15189546,0.03405098,0.069825925,0.10331096
0.5052821,0.18126586,0.13999729,0.024619091,0.06240781,0.0864279
0.46299577,0.17772216,0.15891634,0.03386842,0.06891662,0.09758076
0.44428012,0.182839,0.17135958,0.03378789,0.070440225,0.09729312
0.44301602,0.18041459,0.17407706,0.03352173,0.07072654,0.098244056
0.44237578,0.17344922,0.18059781,0.032792993,0.07734479,0.09343945
0.35364255,0.35145438,0.1504801,0.021879045,0.04937684,0.073167056
0.61653227,0.17463821,0.1203977,0.012700619,0.031787347,0.043943867
0.3690869,0.26830545,0.16965897,0.03237626,0.06372744,0.09684496
0.31798568,0.27226007,0.21421759,0.033660162,0.060928557,0.10094793
0.40526736,0.2481534,0.17715123,0.025610011,0.055981163,0.087836854
0.4608257,0.36441448,0.098443314,0.011632221,0.027025014,0.03765924
0.44433245,0.2902573,0.12881877,0.019837482,0.046355292,0.070398726
0.4026873,0.2628103,0.1558958,0.028299779,0.059607267,0.090699546
0.42320567,0.19269596,0.18911268,0.030600227,0.070608884,0.09377654
0.39895537,0.1743165,0.22148876,0.038106237,0.07343778,0.093695275
0.37482965,0.18633857,0.22007763,0.04151024,0.08373788,0.09350606
0.35995606,0.21162862,0.22560924,0.03284971,0.072511345,0.097445056
0.3912692,0.19588053,0.21538809,0.030611861,0.06792316,0.09892712
0.5142909,0.18545859,0.18999925,0.01486798,0.03647773,0.058905534
0.4200674,0.36965096,0.14410348,0.009034023,0.024189277,0.03295484
0.28379783,0.17110755,0.3428225,0.03559044,0.06557068,0.10111098
0.3568177,0.1713709,0.25021398,0.038759053,0.0749285,0.10790992
0.37153062,0.1720305,0.27337843,0.028848387,0.058972374,0.09523975
0.41767356,0.3981979,0.11291057,0.010532613,0.026140036,0.034545332
0.38852352,0.21693985,0.1715129,0.037353374,0.079828426,0.105841875
0.33176214,0.18781467,0.25837782,0.038664863,0.072581366,0.110799134
0.44606704,0.21221752,0.17490138,0.024865642,0.05635564,0.08559279
0.42210338,0.18605264,0.19058327,0.03194864,0.06700005,0.10231204
0.40102583,0.21847092,0.20660108,0.026169427,0.05699195,0.09074081
0.40614584,0.36881822,0.14751129,0.011496123,0.026389472,0.039639063
0.4354145,0.22347865,0.16422917,0.02758855,0.060596786,0.08869233
0.4183405,0.26506782,0.17331193,0.021423958,0.046953574,0.07490227
0.51407987,0.27195248,0.122311436,0.012723373,0.03140106,0.047531746
0.40277645,0.21635911,0.17225294,0.037218973,0.07024911,0.10114351
0.4442378,0.29443184,0.15343195,0.01561022,0.03538293,0.056905296
0.46140015,0.21722421,0.19630316,0.018503737,0.042967543,0.06360114
0.39493877,0.2494277,0.19530007,0.024086405,0.053308144,0.08293894
0.43563253,0.18137656,0.18758973,0.031838406,0.066552326,0.09701049
0.44291317,0.19866118,0.18854398,0.025565993,0.05683718,0.08747854
0.43016157,0.37366334,0.12822904,0.009749434,0.023402452,0.03479422
0.4701552,0.19508947,0.1579558,0.026987882,0.06408269,0.08572888
0.4154895,0.17032263,0.22622257,0.029742582,0.062043346,0.09617943
0.3613366,0.19014508,0.19695665,0.045263655,0.084931605,0.121366456
0.299794,0.2253193,0.21196532,0.039601937,0.121765465,0.101553984
0.2860256,0.2098922,0.21252005,0.043463103,0.14781591,0.10028318
0.29214227,0.20413278,0.2196339,0.040944587,0.13350084,0.109645665
0.31088886,0.22957474,0.20658429,0.038124442,0.10878153,0.106046185
0.303948,0.35039788,0.15824632,0.026031487,0.081185594,0.08019067
0.2537802,0.25777262,0.20668265,0.047497362,0.120220646,0.11404653
0.22445516,0.20573184,0.21635367,0.061763108,0.17328742,0.11840878
0.29423723,0.23525482,0.20847864,0.041120857,0.1139001,0.10700832
0.24217114,0.18579313,0.22199124,0.061543643,0.1662219,0.122279
0.23514447,0.21756127,0.23342976,0.06037984,0.14330922,0.11017541
0.5088747,0.33618733,0.081202276,0.011807742,0.03006999,0.031857945
0.4009242,0.2831566,0.13952917,0.027690526,0.0699703,0.07872921
0.36519492,0.33806935,0.142866,0.02582076,0.0628552,0.06519382
0.32138568,0.29914045,0.17119652,0.036123473,0.08158627,0.09056758
0.2646624,0.22971147,0.22654809,0.061373148,0.1117439,0.10596098
0.30487487,0.25877094,0.19724038,0.04216989,0.08801389,0.10893003
0.33486992,0.24040757,0.15607563,0.05476041,0.10623118,0.107655264
0.3392333,0.32756063,0.15166885,0.028169366,0.06990512,0.083462656
0.2178919,0.43760225,0.16062489,0.02651573,0.07448776,0.082877524
0.37942356,0.27460206,0.13102162,0.03482464,0.08430657,0.095821545
0.27322778,0.26488528,0.21617484,0.047465857,0.09376367,0.104482606
0.45641792,0.25993335,0.12387814,0.023605566,0.057911,0.07825404
0.52112025,0.2684471,0.09101144,0.01793583,0.042480752,0.059004605
0.4149058,0.31306753,0.11821558,0.02289919,0.056433827,0.07447807
0.39304265,0.35239023,0.11388953,0.021608012,0.056051336,0.06301822
0.3612466,0.21015105,0.15862499,0.05260543,0.09855513,0.11881688
0.4031257,0.29548317,0.14009961,0.023418963,0.061788823,0.076083645
0.35337168,0.3174214,0.22678916,0.016526304,0.04004775,0.045843676
0.3993893,0.23384023,0.14837724,0.03731275,0.07873186,0.10234863
0.4053212,0.31524566,0.11866351,0.025697004,0.070878275,0.0641943
0.24080853,0.3239622,0.2016623,0.038859095,0.08691099,0.107796855
0.32359478,0.34605756,0.1469827,0.02556827,0.07976754,0.07802911
0.44783565,0.27849686,0.09658468,0.027460873,0.087975934,0.06164602
0.38174975,0.21909837,0.1678828,0.03952547,0.09490636,0.096837126
0.2996403,0.23932625,0.17818734,0.053400464,0.11973384,0.109711796
0.36418283,0.2119858,0.17098533,0.042130973,0.09550167,0.115213394
0.30275303,0.31051603,0.2268405,0.027544864,0.070955314,0.06139029
0.5005334,0.3321883,0.0802713,0.014307043,0.035390154,0.037309796
0.4865164,0.3669991,0.068690725,0.012310863,0.030681128,0.034801815
0.45820147,0.37644958,0.07755555,0.014058473,0.035850804,0.037884172
0.42119074,0.38651156,0.10928458,0.012846688,0.031718288,0.038448133
0.44353774,0.39927506,0.07623716,0.012425967,0.031868063,0.036655966
0.38915604,0.3841716,0.11470317,0.019076776,0.043940954,0.048951402
0.35303956,0.35808706,0.15335438,0.023574201,0.057303917,0.054640844
0.35939023,0.21198264,0.17692517,0.043581665,0.1082909,0.09982936
0.36810285,0.39589813,0.12465079,0.018109065,0.04356183,0.04967729
0.2736158,0.23287192,0.21209443,0.048908632,0.100567825,0.13194141
0.3888941,0.3457175,0.15947744,0.01730766,0.04295258,0.045650724
0.38890153,0.38448948,0.113730244,0.016634448,0.04506447,0.05117987
0.41187838,0.3722674,0.13124631,0.013555845,0.032592688,0.038459416
0.26309395,0.24418439,0.27098897,0.036470857,0.07748976,0.107772075
0.31682926,0.2430636,0.24273589,0.0297781,0.067702316,0.09989078
0.3490412,0.33468583,0.16086456,0.024584062,0.058034424,0.072789945
0.4088389,0.22116137,0.18097374,0.02907275,0.06778035,0.09217285
0.44273105,0.2793929,0.098848745,0.026800454,0.090477824,0.061749045
0.29267785,0.25968057,0.21513024,0.03893256,0.0861886,0.10739021
0.39071405,0.37433428,0.13521598,0.015793897,0.03920587,0.04473595
0.35114327,0.36146206,0.17744237,0.017626923,0.040788595,0.05153685
0.31857052,0.2354821,0.21964225,0.034331087,0.07910774,0.11286632
0.3466889,0.2544541,0.24182792,0.021613633,0.04791575,0.08749974
0.36330554,0.30894968,0.16696617,0.022671204,0.054171532,0.08393587
0.3394549,0.2679693,0.19694161,0.027446982,0.06491704,0.10327014
0.3108335,0.2564284,0.22955856,0.033155408,0.06631525,0.10370888
0.33835763,0.28771362,0.21142256,0.02374966,0.05305126,0.08570528
0.41208193,0.24356557,0.18381271,0.022305183,0.056716803,0.08151778
0.36614552,0.2635963,0.19322047,0.02575436,0.06531328,0.0859701
0.38267562,0.24555674,0.19649363,0.02578342,0.058628578,0.09086195
0.3524746,0.40602267,0.17562291,0.009246359,0.022268519,0.034364928
0.3136784,0.2071357,0.25652012,0.034383908,0.06695192,0.12132995
0.32871407,0.23141536,0.23246515,0.03205775,0.060357228,0.11499045
0.33478647,0.27960187,0.1939659,0.029072592,0.06407088,0.09850232
0.27170616,0.27825874,0.27621648,0.024872243,0.05273582,0.09621048
0.32520768,0.22320047,0.22184758,0.042877354,0.075492516,0.11137438
0.34725544,0.23200217,0.20157048,0.030407993,0.06735255,0.12141139
0.3282836,0.22468755,0.26681882,0.025215294,0.050956793,0.10403788
0.43855846,0.2286217,0.17014207,0.021453857,0.051948268,0.08927569
0.43999183,0.28694957,0.14353049,0.016452396,0.04201095,0.071064726
0.383569,0.45631498,0.094502494,0.009305666,0.02335662,0.032951217
0.44358775,0.24913591,0.15429167,0.020652313,0.04908383,0.083248526
0.4391431,0.23709342,0.16631785,0.020555792,0.050997928,0.0858919
0.30887443,0.29910618,0.24986972,0.018647848,0.04003677,0.083465114
0.39226505,0.24028039,0.20236135,0.023911126,0.05226992,0.08891222
0.39627194,0.39097485,0.13303056,0.011960748,0.02805704,0.0397049
0.2974508,0.26026875,0.26850134,0.026184699,0.052720875,0.09487353
0.34879497,0.2774677,0.189859,0.029291585,0.065906584,0.088680126
0.3870502,0.2597602,0.17451084,0.025641233,0.05804108,0.09499641
0.34050766,0.25582987,0.22422615,0.027186435,0.061294645,0.090955324
0.39032933,0.22019711,0.17376757,0.035019234,0.07937103,0.10131572
0.344663,0.23496194,0.19141315,0.03689252,0.08485211,0.10721732
0.29389864,0.50816065,0.122822165,0.009345958,0.026860466,0.038912136
0.34131408,0.25004274,0.21981847,0.025377616,0.057799883,0.10564715
0.25062352,0.39094883,0.17038389,0.02701116,0.063936666,0.09709589
0.27097502,0.427091,0.15481779,0.019052377,0.050707098,0.077356756
0.2849689,0.53559977,0.113678984,0.008579181,0.022258375,0.034914766
0.32887545,0.3505015,0.18421169,0.017111855,0.041336577,0.077962965
0.33074734,0.37382293,0.21295345,0.011753337,0.027991487,0.04273146
0.29514363,0.4611339,0.15484716,0.013680147,0.03505943,0.040135816
0.26815757,0.5736128,0.09686005,0.007964974,0.020436991,0.032967698
0.26902765,0.4789727,0.14698744,0.013444661,0.034858774,0.05670876
0.27042198,0.5467369,0.101949625,0.010326899,0.02734295,0.043221667
0.32435736,0.46831942,0.123452544,0.0103206495,0.026966568,0.04658345
0.3549767,0.44822186,0.11684017,0.010103848,0.024957,0.044900417
0.34975952,0.4033296,0.13386607,0.013942618,0.03651388,0.062588334
0.24715702,0.43186706,0.20291513,0.015879558,0.038219072,0.06396218
0.28388,0.5252457,0.111838706,0.011613164,0.02848074,0.03894166
0.3170087,0.39414683,0.1803161,0.014545295,0.032225534,0.061757527
0.2790466,0.52738816,0.11876991,0.010460599,0.028527848,0.035806905
0.35289875,0.4515314,0.11889399,0.010122728,0.029185936,0.037367236
0.2411688,0.5896106,0.111137494,0.00802259,0.020772552,0.02928793
0.32296905,0.36156744,0.19686393,0.015925394,0.035951592,0.06672262
0.29822776,0.46978614,0.13761076,0.012760294,0.033891685,0.047723368
0.2101222,0.37856835,0.2788906,0.017164027,0.044440236,0.07081455
0.34691542,0.41000345,0.15384087,0.013392806,0.032626085,0.043221373
0.33990043,0.47562224,0.111118115,0.010967872,0.028945142,0.033446245
0.35770234,0.31005684,0.18723065,0.019247705,0.05379826,0.0719642
0.26822636,0.54372376,0.117227435,0.010103598,0.025918722,0.03480009
0.21808438,0.44238353,0.16944058,0.022214063,0.066934876,0.080942534
0.33533907,0.39367327,0.1551398,0.01475374,0.040331088,0.06076297
0.4155754,0.4029358,0.11796224,0.009231046,0.024500558,0.029794952
0.2925346,0.40205836,0.16825825,0.017866196,0.051676426,0.06760615
0.33857602,0.4179948,0.12541103,0.01585841,0.04489113,0.05726864
0.23045251,0.44553143,0.19484094,0.016766734,0.041958384,0.070450045
0.31280157,0.4753161,0.12177735,0.011999767,0.030248698,0.04785655
0.3236828,0.39665025,0.15570146,0.01607331,0.042695258,0.06519693
0.37780577,0.33277023,0.19940233,0.012577008,0.028283268,0.049161404
0.2669435,0.53284824,0.11700767,0.011454664,0.031983756,0.039762132
0.32764068,0.4762082,0.11793208,0.011124789,0.02814702,0.03894718
0.3096148,0.2697942,0.2732122,0.021338142,0.04657361,0.07946701
0.3632929,0.47841308,0.095823586,0.0089257695,0.022455452,0.03108917
0.2609341,0.4979627,0.13660747,0.0136849955,0.033798162,0.057012536
0.2535246,0.5526992,0.12530778,0.00982884,0.022601869,0.036037616
0.26787835,0.4736538,0.15434435,0.013779639,0.03844494,0.051898934
0.29087466,0.42010865,0.15531357,0.017770551,0.05178249,0.064150155
0.27216837,0.50981563,0.11706872,0.013051663,0.033519827,0.054375805
0.30703312,0.38755605,0.1662115,0.018245334,0.042949766,0.07800418
0.297771,0.46829212,0.13289052,0.013449859,0.035426334,0.05217022
0.29624933,0.408124,0.16521382,0.017026715,0.041117575,0.07226851
0.30198273,0.5350225,0.09423272,0.009554274,0.028318748,0.030888975
0.29284754,0.4351424,0.15471543,0.015412361,0.043932896,0.057949405
0.27137652,0.4004789,0.1660514,0.020875966,0.062327817,0.07888935
0.2788275,0.3475886,0.18942128,0.025309619,0.06223345,0.0966196
0.2884079,0.5389818,0.11082701,0.008535732,0.020410396,0.032837156
0.26297298,0.41268292,0.19550325,0.017736202,0.04065331,0.07045132
0.2927311,0.21376868,0.31264874,0.026046721,0.050274123,0.10453057
0.25824028,0.20041186,0.32373267,0.032131102,0.057331562,0.1281525
0.28414404,0.19618692,0.30471292,0.033023003,0.06100142,0.12093174
0.2384299,0.19054,0.33813202,0.04248699,0.067273356,0.12313774
0.19722967,0.36685067,0.23774892,0.030057335,0.06492027,0.10319311
0.30169114,0.22166976,0.2890649,0.027089015,0.055119622,0.10536553
0.23345551,0.20805305,0.3335149,0.03945733,0.06611706,0.11940213
0.3249231,0.31826603,0.21234322,0.019295355,0.047810446,0.07736177
0.30562153,0.21109259,0.3078883,0.025572896,0.050818376,0.09900631
0.25862533,0.20143041,0.32095203,0.04200915,0.073397286,0.103585765
0.25916567,0.2793018,0.26909685,0.030845646,0.06373929,0.097850695
0.2873636,0.2698307,0.24546671,0.031757772,0.069078594,0.09650263
0.28750607,0.26246384,0.2586981,0.030289494,0.06437373,0.09666878
0.27741244,0.24655157,0.3053937,0.023957355,0.055006236,0.09167875
0.19740058,0.38276517,0.25455302,0.021460997,0.051276933,0.092543334
0.26276952,0.3049956,0.2535044,0.026005188,0.05836638,0.094358884
0.22121617,0.3779232,0.19669151,0.029018033,0.08328215,0.09186897
0.3734399,0.4328103,0.10129832,0.012089281,0.03832397,0.042038213
0.3982294,0.38505584,0.11072239,0.015512728,0.0504672,0.040012475
0.37760088,0.35875782,0.11822797,0.021518527,0.06719873,0.056696065
0.43777835,0.35881823,0.08810798,0.014449464,0.059768826,0.04107716
0.20986898,0.38511366,0.19951947,0.029207429,0.0670127,0.10927785
0.22710878,0.3453137,0.22177064,0.032773554,0.062243715,0.110789634
0.24717793,0.32420817,0.21736339,0.032326452,0.07017244,0.10875156
0.22939414,0.2840545,0.2511668,0.040388145,0.068794884,0.12620151
0.24167204,0.21633278,0.30813265,0.041427154,0.0702128,0.122222565
0.260127,0.24104668,0.27563313,0.034166567,0.06686946,0.12215714
0.2370574,0.27549297,0.25092703,0.041311685,0.07200759,0.12320333
0.3125623,0.24349988,0.27121183,0.023831958,0.053517234,0.09537676
0.28665617,0.42460322,0.16545601,0.015513751,0.04099129,0.06677958
0.3503008,0.30066794,0.19486919,0.02002072,0.045266606,0.0888748
0.22811902,0.31666067,0.2518156,0.03244336,0.05790855,0.11305278
0.33346972,0.23393844,0.21052074,0.03450254,0.07078979,0.1167788
0.34766483,0.2264938,0.26761398,0.023436183,0.048956446,0.08583478
0.22833186,0.32813466,0.22027716,0.034851305,0.076740146,0.11166487
0.22246984,0.26050067,0.25194514,0.04541108,0.10033461,0.11933869
0.24480575,0.26592624,0.28816468,0.030966092,0.061105322,0.109032
0.27402455,0.2889537,0.21112466,0.033883233,0.07264966,0.119364195
0.26669183,0.2563152,0.28392184,0.025960326,0.05581993,0.11129081
0.25392488,0.31150535,0.22466762,0.03239388,0.06614198,0.1113663
0.28911537,0.30338803,0.21905968,0.02475885,0.05852981,0.10514824
0.21929377,0.36199597,0.23423132,0.026799098,0.062022995,0.09565689
0.2314634,0.29446638,0.25730398,0.03336418,0.07387069,0.10953137
0.3381399,0.3233452,0.16236225,0.026965603,0.06324083,0.08594611
0.37283218,0.44496754,0.10951297,0.0105183525,0.02633276,0.035836164
0.5453547,0.18652965,0.11692721,0.020866735,0.055520833,0.07480083
0.42399064,0.40864605,0.09005874,0.011398285,0.029254595,0.036651667
0.37037718,0.42095315,0.1279211,0.012168343,0.02889096,0.03968927
0.5308297,0.20619221,0.1169841,0.020125458,0.052120123,0.07374835
0.504859,0.19662407,0.1212774,0.025274662,0.06498758,0.086977355
0.52508706,0.19031987,0.12478253,0.02184333,0.06027903,0.07768819
0.39476922,0.18234617,0.156024,0.04403035,0.10697493,0.11585532
0.38779217,0.18885653,0.1664274,0.0430616,0.09669792,0.11716431
0.3928093,0.29547155,0.1650071,0.0220643,0.051892214,0.072755516
0.36484894,0.18466988,0.21112937,0.040464222,0.083355024,0.11553253
0.35308924,0.3719199,0.14896855,0.0173838,0.043479767,0.065158784
0.48791957,0.1998011,0.13114949,0.024406927,0.07042738,0.08629556
0.5294885,0.19089805,0.118741766,0.022146191,0.060349688,0.0783758
0.39241767,0.1868778,0.14943914,0.043214172,0.10792504,0.12012617
0.32327002,0.20124887,0.18439208,0.05300717,0.10779044,0.13029137
0.49734023,0.20425218,0.13161206,0.025260828,0.060713753,0.08082087
0.45233992,0.21770343,0.14478403,0.027814673,0.068979785,0.08837816
0.46975958,0.24043281,0.14597122,0.020631567,0.052739374,0.070465446
0.54085743,0.19454014,0.13295138,0.016913174,0.050660785,0.06407709
0.43998194,0.2041966,0.1395849,0.03216304,0.088050164,0.09602339
0.5116186,0.18627056,0.11988582,0.02539129,0.07768497,0.079148725
0.5283204,0.21144909,0.12608786,0.018888772,0.051381823,0.06387208
0.47272423,0.27509958,0.1209677,0.019526742,0.049601257,0.062080488
0.4438842,0.23021573,0.14309937,0.027592625,0.070748545,0.08445956
0.41880295,0.26021728,0.13703044,0.028347557,0.069691345,0.08591043
0.5493247,0.21212822,0.117515095,0.01927557,0.046490636,0.05526579
0.4446768,0.18593803,0.15210748,0.039683312,0.0926076,0.08498681
0.48197114,0.22112946,0.13494635,0.025973147,0.065946214,0.070033714
0.3767472,0.21223992,0.16658743,0.046409093,0.10232108,0.09569524
0.4830957,0.17111678,0.1339529,0.033482466,0.08829167,0.09006045
0.44692522,0.227266,0.13881837,0.028551618,0.07278802,0.08565074
0.45426625,0.21422891,0.14855036,0.029430022,0.068403505,0.085120924
0.4126758,0.20942196,0.15397176,0.03750595,0.0839935,0.10243102
0.4480647,0.30299345,0.12210114,0.01903753,0.04935857,0.05844463
0.46449554,0.31023708,0.11050333,0.017102804,0.04450514,0.053156145
0.57082534,0.20024778,0.11617315,0.014882596,0.04206549,0.05580566
0.5380155,0.20470019,0.13140142,0.016243478,0.047910385,0.061729077
0.3390388,0.48012596,0.1060395,0.0112019405,0.028423266,0.035170577
0.37271953,0.46273816,0.10037612,0.009289837,0.024816355,0.030059982
0.39293453,0.37520605,0.12025936,0.015113212,0.043212615,0.053274214
0.3690054,0.4798059,0.083735466,0.009704392,0.027075548,0.030673228
0.3455961,0.23315926,0.16234444,0.041865725,0.0996286,0.11740595
0.39894348,0.42006177,0.09484752,0.013546002,0.035274208,0.03732705
0.36839375,0.39907146,0.14834738,0.013870225,0.029179601,0.04113756
0.4067953,0.32721284,0.15024982,0.01789787,0.042277727,0.05556643
0.28758776,0.22469552,0.17917582,0.04223569,0.15995742,0.1063478
0.26590827,0.2852267,0.1811536,0.03901261,0.13754773,0.09115107
0.35774705,0.30824006,0.16084261,0.026852617,0.06122928,0.0850884
0.28674808,0.35807195,0.18872365,0.024860835,0.057746135,0.083849385
0.35095835,0.31871855,0.14915095,0.02599682,0.06842904,0.0867463
0.51717126,0.18721646,0.13718688,0.021060327,0.0648201,0.072544925
0.44690603,0.1760901,0.15186355,0.033219963,0.0955774,0.096342936
0.46230552,0.17112942,0.14732157,0.03323526,0.09460495,0.09140331
0.45235708,0.17241386,0.15400499,0.03297673,0.09318122,0.095066145
0.4476925,0.17353523,0.15049058,0.033451106,0.09726159,0.09756895
0.48460898,0.15893598,0.13934825,0.03213079,0.09354875,0.09142715
0.43384522,0.1769858,0.15853019,0.034312714,0.098021865,0.09830415
0.49231955,0.17313693,0.14589806,0.02639461,0.07785495,0.08439585
0.5247409,0.15798798,0.13044554,0.025637273,0.08217477,0.0790136
0.48197496,0.17956273,0.13860115,0.028420566,0.08721838,0.08422225
0.51652,0.14462769,0.12280952,0.03229345,0.0979221,0.08582719
0.5370207,0.16263898,0.11959248,0.025328653,0.078854196,0.07656493
0.40827826,0.17865874,0.15740797,0.04282966,0.11342855,0.09939684
0.4583099,0.17494868,0.14257048,0.034031704,0.09775939,0.092379935
0.49599826,0.17871408,0.13836743,0.027339933,0.07938233,0.08019795
0.475407,0.18357462,0.15048529,0.028277889,0.08729123,0.07496394
0.52738863,0.16232741,0.1341977,0.025725838,0.07685779,0.07350263
0.44977894,0.18609676,0.16609928,0.03010894,0.08213636,0.085779674
0.47637084,0.18040824,0.15115547,0.027495544,0.086771,0.07779889
0.49678075,0.17830762,0.13850912,0.026840594,0.0817848,0.07777713
0.5036942,0.16911761,0.14354792,0.026107222,0.083509296,0.07402375
0.44795287,0.20202605,0.15418808,0.029122837,0.086814895,0.07989534
0.43191218,0.3389633,0.123181686,0.015328765,0.049936753,0.040677346
0.44092163,0.17259777,0.15953444,0.03405373,0.0976684,0.09522397
0.39077207,0.18138732,0.18229046,0.04069557,0.107770145,0.09708437
0.42739928,0.20335111,0.16555563,0.030543352,0.09374199,0.0794087
0.4450816,0.35387325,0.10537375,0.0140881175,0.04321807,0.0383653
0.47796556,0.17717834,0.15667245,0.028097762,0.08400214,0.07608373
0.49020255,0.17633837,0.14482531,0.027568273,0.08416478,0.07690069
0.4885884,0.18879469,0.14917421,0.025103003,0.07515336,0.0731863
0.6089652,0.14636907,0.105869725,0.018774716,0.061193876,0.05882738
0.4182595,0.1903244,0.166141,0.035729706,0.104445055,0.08510034
0.5641365,0.15264067,0.1175138,0.024034247,0.074943185,0.06673157
0.4907514,0.17375365,0.14627586,0.026747407,0.08432547,0.07814624
0.4597671,0.18427143,0.15850505,0.027991446,0.0881614,0.08130358
0.46359172,0.1827006,0.15346856,0.02955387,0.091449715,0.07923552
0.41884312,0.1777426,0.16843182,0.035084777,0.11059356,0.08930419
0.46863788,0.18107891,0.15935186,0.02800837,0.08706197,0.075860985
0.44783175,0.17909841,0.17232639,0.02932041,0.09429157,0.077131525
0.48184124,0.18354598,0.1546665,0.025814727,0.080636516,0.07349509
0.53169376,0.18932801,0.12922463,0.020580925,0.069120795,0.060051844
0.5825509,0.1827178,0.11091371,0.017076429,0.055586047,0.05115518
0.45413753,0.20149669,0.1578654,0.026608594,0.08446205,0.07542969
0.41569093,0.20939523,0.18077265,0.029351186,0.08630057,0.07848948
0.42950878,0.20071442,0.17306113,0.02813381,0.09035718,0.07822464
0.48857334,0.1960605,0.14107199,0.024785008,0.081868865,0.067640334
0.4499524,0.18934979,0.1732842,0.028043333,0.08478369,0.07458661
0.37199622,0.33366105,0.13927418,0.025167422,0.08025168,0.049649514
0.42640793,0.23465876,0.14181507,0.032532096,0.07448059,0.09010553
0.44036528,0.22510254,0.14706795,0.031810876,0.071178466,0.084474936
0.36682373,0.43599918,0.1262035,0.011786826,0.02681602,0.032370716
0.39507648,0.22950608,0.1524149,0.040874537,0.08394462,0.09818336
0.50919306,0.22685248,0.13320868,0.01957514,0.04970023,0.061470382
0.38225007,0.22030973,0.20551044,0.031733166,0.07148388,0.08871276
0.4668705,0.20806322,0.13391995,0.031304497,0.080301486,0.07954031
0.41062638,0.22824135,0.13547158,0.0418717,0.09078932,0.09299965
0.5581105,0.22325437,0.111914456,0.016984873,0.0425573,0.04717851
0.4726655,0.25220525,0.14444765,0.019528352,0.049541127,0.06161213
0.36268705,0.24486454,0.16519526,0.041843377,0.08854738,0.096862435
0.4203937,0.22447965,0.13597858,0.04001569,0.08759349,0.0915389
0.37588054,0.1977832,0.22079223,0.038807325,0.06879749,0.097939186
0.38022292,0.23048085,0.1665895,0.03928978,0.08657168,0.09684532
0.4046814,0.4403257,0.08228199,0.011345784,0.029538423,0.031826615
0.37273657,0.21991527,0.17312631,0.03985382,0.09234135,0.10202669
0.4484106,0.22061037,0.1558356,0.02855232,0.06263587,0.08395522
0.401222,0.22679444,0.1757014,0.032611117,0.071468204,0.09220285
0.4255641,0.22008464,0.16260883,0.031599816,0.07123179,0.08891078
0.3655992,0.25321925,0.18400173,0.03139024,0.07105184,0.09473781
0.4662025,0.21886763,0.1340939,0.029203264,0.06861397,0.08301867
0.37129503,0.21619634,0.17627394,0.047462385,0.08608207,0.10269026
0.501598,0.20798798,0.13871272,0.024908863,0.055837482,0.07095495
0.45834917,0.22226183,0.12662421,0.031061688,0.0738112,0.0878919
0.43164915,0.2383237,0.13655867,0.030552048,0.069550306,0.0933661
0.41591904,0.25002375,0.16412447,0.025714826,0.05990604,0.08431192
0.40771464,0.2187109,0.14690357,0.038740482,0.083745055,0.104185306
0.41886732,0.21692911,0.13277557,0.039699093,0.08978281,0.101946004
0.36689785,0.4456991,0.10867008,0.012276497,0.029624682,0.036831785
0.44628385,0.23617151,0.12333664,0.031479806,0.0723503,0.09037789
0.45113507,0.4008582,0.07751016,0.011094128,0.02724659,0.03215583
0.46166116,0.22279099,0.12651305,0.030200323,0.07023149,0.08860309
0.4096785,0.22282729,0.13404763,0.040899523,0.08779052,0.10475652
0.26050985,0.28319776,0.20469847,0.04649716,0.10059464,0.1045021
0.4098723,0.22791243,0.1630776,0.0316456,0.07721008,0.090281926
0.2725505,0.36903566,0.19427013,0.025147263,0.0632198,0.075776584
0.2977508,0.36719847,0.19129348,0.022662727,0.05074403,0.0703505
0.3168226,0.26926845,0.23252289,0.02921136,0.06345175,0.088722974
0.31176248,0.4380481,0.11792891,0.01856094,0.062790364,0.05090927
0.30041668,0.34810182,0.15402879,0.029148676,0.0877879,0.08051613
0.30429956,0.23802322,0.25337347,0.036781758,0.07297189,0.0945501
0.32113862,0.2651257,0.25002846,0.022801472,0.045600858,0.09530486
0.3940653,0.21295163,0.1608434,0.037161842,0.07380657,0.12117123
0.45877123,0.23301011,0.14196952,0.02235796,0.05022528,0.09366594
0.32736275,0.18102202,0.3100095,0.03098495,0.051584452,0.0990364
0.46928507,0.22935934,0.14229204,0.022105098,0.046951756,0.0900067
0.39751387,0.22328167,0.16060129,0.038356833,0.07884669,0.10139966
0.36012346,0.43388882,0.10418165,0.01686175,0.03733411,0.047610197
0.41045573,0.401946,0.096180886,0.014705917,0.03515018,0.041561242
0.421179,0.2339461,0.17990778,0.024176903,0.05326569,0.0875245
0.28826654,0.18557669,0.31530654,0.042130053,0.06744209,0.1012781
0.419481,0.22724475,0.16199458,0.02850327,0.054654364,0.10812202
0.44655898,0.20478457,0.15796098,0.028620236,0.05709754,0.10497769
0.3905793,0.24589881,0.17200184,0.0276713,0.05794924,0.10589947
0.3952833,0.26443928,0.18236747,0.021924473,0.04679566,0.089189835
0.2656334,0.21754895,0.25075155,0.053549863,0.0960012,0.11651504
0.4117763,0.21408288,0.16816531,0.033402402,0.06995566,0.10261752
0.40614596,0.22667646,0.15720476,0.036556266,0.074659325,0.098757215
0.34546202,0.23350197,0.21542397,0.033563305,0.067385055,0.10466359
0.33325133,0.21437097,0.22955565,0.038838286,0.08160722,0.10237651
0.36594683,0.2452195,0.15625176,0.037989967,0.07889509,0.11569697
0.33506933,0.18276076,0.28222585,0.033159293,0.059305042,0.1074797
0.3262844,0.21901622,0.20230106,0.04877625,0.089704655,0.11391746
0.41973674,0.24317536,0.1733092,0.024708295,0.058779757,0.08029066
0.503495,0.22854921,0.13332249,0.02135236,0.048729446,0.0645515
0.40875533,0.25366673,0.1609922,0.027677689,0.0622796,0.08662847
0.46126667,0.23416439,0.15553729,0.022734523,0.052416272,0.07388082
0.36982766,0.46791562,0.08386702,0.012071046,0.028634744,0.037683852
0.3677622,0.47877294,0.08201796,0.011310192,0.02571901,0.034417737
0.31579727,0.55856806,0.06974773,0.0076572965,0.018559732,0.029669894
0.30808112,0.5663778,0.071459934,0.0073992917,0.01813328,0.028548537
0.29823977,0.24493515,0.1990913,0.047866028,0.07748661,0.1323812
0.31584236,0.5476037,0.07568801,0.008511853,0.020621624,0.031732425
0.4345147,0.24231869,0.1347105,0.028221048,0.056947522,0.10328754
0.50986016,0.25555056,0.12682332,0.014048878,0.033431046,0.060286034
0.39546597,0.4306794,0.0974264,0.011912986,0.027391281,0.03712396
0.34624156,0.46365964,0.10842846,0.012771249,0.02872604,0.040172994
0.3014784,0.405675,0.16381489,0.020340137,0.04405433,0.06463725
0.29293987,0.30354634,0.17951006,0.039396238,0.07771162,0.10689589
0.3000322,0.2563733,0.17979124,0.04935346,0.09442688,0.120022945
0.4135513,0.28631413,0.14168148,0.026075486,0.058800265,0.07357732
0.30033925,0.25571173,0.24671474,0.02966714,0.059153445,0.108413674
0.41002303,0.2646409,0.17527807,0.021321217,0.0458382,0.08289859
0.30054092,0.50899315,0.1312249,0.008393046,0.01975104,0.03109694
0.3824603,0.32040557,0.15239109,0.019471781,0.04740116,0.07787016
0.33979082,0.29173553,0.16986379,0.030520622,0.06743016,0.10065906
0.37676725,0.34521958,0.15205505,0.01835326,0.04330578,0.06429902
0.35921225,0.25292033,0.2239754,0.024620209,0.049271695,0.0900001
0.36420202,0.49851754,0.08104602,0.0078100213,0.018247088,0.030177368
0.34106338,0.52617013,0.078378625,0.007520058,0.01758738,0.029280376
0.34374353,0.22843975,0.23878981,0.027433578,0.05406855,0.107524775
0.36372936,0.2795888,0.17129497,0.026842535,0.052491844,0.106052496
0.30244786,0.36966226,0.1509896,0.027046168,0.050442696,0.09941144
0.26505598,0.4898796,0.16556044,0.011590032,0.023196641,0.04471727
0.27418157,0.23196217,0.24834578,0.045039102,0.069138564,0.13133281
0.3356357,0.48033586,0.09932078,0.014008706,0.03158059,0.039118364
0.33088928,0.30459738,0.1877712,0.02700808,0.06009176,0.08964225
0.29211357,0.5448955,0.09977828,0.008785822,0.020180829,0.034245964
0.26773116,0.5651497,0.10367343,0.009433617,0.021908443,0.032103658
0.49604648,0.21605822,0.1484413,0.020369776,0.04807792,0.071006306
0.31958354,0.23622456,0.18495819,0.043897234,0.08959276,0.12574376
0.3146703,0.31964737,0.21291982,0.020966426,0.04346006,0.08833607
0.29448366,0.46318424,0.12981047,0.01426716,0.032160815,0.06609368
0.29654217,0.4690795,0.12205668,0.0144734075,0.032426674,0.06542154
0.2943641,0.46206844,0.14225186,0.013149444,0.029494587,0.05867158
0.29022604,0.5195447,0.10862971,0.010938851,0.024069682,0.046590988
0.32771644,0.3504775,0.166312,0.023094635,0.04535243,0.08704704
0.3663809,0.27173424,0.17855652,0.027290385,0.050684296,0.105353676
0.34864685,0.22931403,0.24127334,0.027426388,0.05130931,0.10203015
0.3734516,0.35464448,0.14394625,0.015939686,0.04007616,0.0719419
0.38227284,0.37972116,0.12999073,0.01367294,0.03245517,0.06188712
0.2881734,0.5666473,0.08887991,0.007872628,0.019590594,0.028836101
0.40927976,0.2671416,0.15850753,0.02207807,0.051381756,0.09161128
0.35708606,0.2792355,0.1727936,0.028102867,0.058258094,0.104523934
0.3614319,0.24866152,0.2109841,0.029940248,0.06001164,0.08897057
0.25534236,0.38701186,0.2793971,0.0118765365,0.024951138,0.041421037
0.27829888,0.53985614,0.11964218,0.009447376,0.02111212,0.031643283
0.28145406,0.4307922,0.21350063,0.011608688,0.02404605,0.03859838
0.27973264,0.43727833,0.20983516,0.011068342,0.022989564,0.03909597
0.317015,0.5005018,0.113207266,0.010733776,0.024511823,0.034030356
0.4056474,0.42196438,0.11851281,0.007370779,0.016598273,0.029906405
0.33214605,0.21847117,0.27873632,0.024465317,0.04955018,0.096630946
0.3180802,0.4838208,0.13091083,0.009049649,0.020459915,0.03767861
0.32888454,0.504054,0.106428266,0.008435488,0.01909862,0.033099044
0.39736623,0.24109243,0.20200971,0.020752331,0.047124807,0.09165456
0.34153098,0.21406618,0.27341595,0.028070472,0.04807723,0.09483923
0.3546083,0.27228588,0.21609709,0.022464503,0.04335333,0.09119089
0.31765047,0.19498089,0.36040008,0.019446688,0.040115952,0.06740596
0.3333137,0.22394872,0.29575714,0.02328326,0.041832015,0.08186516
0.24192479,0.19705452,0.32968175,0.046236694,0.06522246,0.11987974
0.26636326,0.18494923,0.36979744,0.029404454,0.054982428,0.09450319
0.4102007,0.25483084,0.20971322,0.01775255,0.03505876,0.072443925
0.36786544,0.24307339,0.22070044,0.025223888,0.053846754,0.08929009
0.3013441,0.31386244,0.23820965,0.021673393,0.048219822,0.07669049
0.43397793,0.3324165,0.13360381,0.012978831,0.03298429,0.054038674
0.41225368,0.19625,0.263555,0.018518839,0.03806274,0.07135974
0.23647565,0.32780853,0.21837573,0.033817377,0.08651182,0.09701086
0.37118846,0.42671415,0.13011453,0.008644734,0.022738723,0.04059939
0.3613728,0.4820891,0.076392986,0.009199317,0.027611118,0.043334685
0.40959293,0.4133339,0.09436382,0.010287727,0.027222488,0.045199104
0.63292813,0.19157189,0.077392906,0.010768142,0.03192839,0.055410564
0.36318004,0.46763763,0.08163611,0.010165542,0.030255415,0.04712528
0.37871918,0.4663561,0.07973577,0.008769395,0.026062347,0.040357225
0.3529211,0.47890672,0.08614698,0.009772912,0.029329237,0.042923078
0.36709428,0.48280486,0.07407094,0.009003062,0.026294662,0.04073216
0.37959254,0.4412454,0.095975086,0.010844645,0.027247628,0.045094717
0.46434954,0.23165253,0.11660385,0.021734579,0.059954584,0.10570487
0.43386552,0.25492752,0.12918803,0.021346208,0.057739336,0.10293341
0.4471807,0.25855404,0.13262568,0.019360457,0.05087801,0.09140113
0.30193132,0.4378433,0.10899244,0.018288253,0.052031502,0.0809132
0.36665925,0.49251163,0.07742821,0.007895323,0.021325067,0.034180515
0.34707204,0.485808,0.08754961,0.009823526,0.025702022,0.04404471
0.35055146,0.412934,0.1082781,0.014702446,0.04058689,0.072947145
0.3727757,0.46839267,0.08837738,0.008482484,0.02303288,0.038938835
0.2887587,0.47655165,0.11750282,0.013079901,0.03704089,0.06706597
0.38655216,0.4787433,0.0703863,0.007426398,0.021461327,0.03543045
0.34657103,0.40102997,0.11472168,0.015926521,0.04056742,0.08118336
0.35820878,0.27347618,0.13921654,0.030337859,0.07045318,0.12830746
0.3023747,0.3015703,0.1857215,0.031864647,0.08074793,0.09772087
0.32854843,0.2732345,0.19057477,0.035987973,0.076828435,0.09482592
0.27070218,0.31484407,0.1610531,0.042829018,0.09405303,0.11651855
0.32957545,0.24414216,0.23731278,0.032976884,0.07195342,0.08403929
0.29086545,0.34912395,0.19462007,0.02550226,0.06410936,0.07577888
0.38827828,0.35306484,0.12776002,0.020377405,0.048682954,0.061836433
0.28257552,0.27010497,0.18730576,0.047348563,0.09826823,0.114396915
0.29377437,0.28861257,0.17259899,0.04342325,0.09914493,0.102445915
0.25575244,0.37935525,0.13831213,0.04074051,0.10749617,0.0783435
0.2755908,0.30674708,0.2535232,0.033864703,0.075713255,0.054560978
0.27422002,0.3152846,0.15681012,0.041916095,0.12077947,0.09098967
0.21711427,0.3126031,0.23278475,0.040992312,0.10589031,0.09061527
0.258849,0.31154338,0.16271678,0.038296975,0.13977158,0.08882232
0.33837214,0.3564556,0.16315258,0.025574893,0.05819195,0.05825287
0.35160837,0.3648667,0.10624259,0.032957368,0.06744328,0.07688174
0.32360604,0.27446115,0.18476611,0.03372087,0.104046896,0.07939894
0.35230616,0.3933418,0.11474472,0.022390097,0.057369124,0.059848078
0.39891654,0.36685005,0.12169051,0.01869262,0.043671593,0.050178703
0.3818214,0.39379308,0.118785776,0.017166527,0.041614994,0.046818286
0.3742689,0.38457525,0.12529537,0.01891245,0.04579264,0.051155403
0.39671373,0.37463793,0.11689146,0.01872766,0.044318702,0.04871051
0.36435238,0.4006834,0.1252514,0.017878447,0.043551847,0.04828258
0.409689,0.3787718,0.10530935,0.017338602,0.04322595,0.04566526
0.394717,0.38173586,0.104475364,0.020937465,0.049387872,0.048746422
0.3002534,0.28722683,0.17388313,0.038479716,0.09130956,0.1088474
0.37847164,0.3965693,0.111580275,0.019400207,0.045001507,0.048977077
0.39436623,0.3679407,0.1230306,0.019277843,0.04346599,0.05191865
0.38108885,0.37973568,0.12828758,0.018496757,0.042804807,0.049586356
0.37303725,0.3699148,0.13392562,0.020372527,0.046843957,0.05590587
0.35778278,0.370458,0.13710086,0.02363454,0.052270565,0.058753267
0.3723139,0.36404443,0.13662873,0.02215559,0.04897398,0.055883363
0.37546527,0.3666405,0.12789303,0.022796405,0.051348466,0.055856284
0.40522474,0.32947117,0.12821187,0.023596127,0.05277806,0.060718033
0.3232949,0.39137593,0.14495176,0.02469079,0.054426346,0.061260287
0.36212596,0.35403684,0.18567753,0.016510732,0.035147477,0.046501447
0.41741437,0.26516163,0.15207238,0.026740659,0.06295728,0.07565365
0.3358084,0.24707103,0.22570524,0.033698935,0.0714869,0.086229496
0.39656594,0.19254895,0.23863614,0.030293431,0.056152157,0.08580343
0.35425124,0.2595639,0.19333428,0.033470638,0.06900435,0.09037561
0.4006164,0.23448268,0.16967747,0.036288384,0.07198713,0.0869479
0.40217996,0.29938528,0.11510638,0.027801283,0.06715176,0.08837535
0.38729227,0.2564872,0.14720142,0.032812774,0.077527106,0.098679185
0.40799397,0.251038,0.1537851,0.03132205,0.06861862,0.08724231
0.43098074,0.24395843,0.17004538,0.02559819,0.057683527,0.07173371
0.42363843,0.31023464,0.111180894,0.022764785,0.059192706,0.072988555
0.4345655,0.21928948,0.15383768,0.03467975,0.06955324,0.088074334
0.22988038,0.29740942,0.23355925,0.0462921,0.09539989,0.09745899
0.34297583,0.23137973,0.21043009,0.031139415,0.07188559,0.11218939
0.2957558,0.36516154,0.177086,0.031414032,0.055474706,0.075107954
0.29589292,0.47895777,0.13079435,0.01626043,0.036877897,0.04121662
0.3582237,0.42818627,0.11829727,0.013991857,0.03954007,0.041760847
0.3523075,0.30291143,0.16170257,0.033609927,0.06701161,0.082457036
0.3613058,0.28450006,0.1911502,0.028594758,0.056205403,0.07824374
0.37035403,0.4015787,0.14042072,0.014891118,0.032192837,0.04056261
0.31311032,0.50433636,0.10115087,0.013035621,0.03641906,0.0319478
0.30293268,0.46844345,0.11479804,0.016508356,0.04658688,0.05073065
0.27157015,0.40444133,0.1769181,0.023976147,0.056400105,0.06669417
0.31796604,0.4325581,0.14132868,0.016635045,0.037955586,0.05355651
0.3551409,0.38011065,0.17787947,0.013647849,0.030421466,0.042799637
0.38695168,0.36356792,0.15301989,0.016541082,0.031498868,0.048420556
0.3990292,0.37855914,0.13077775,0.015153037,0.031326152,0.04515472
0.38293892,0.45790073,0.09742944,0.008868977,0.021509694,0.031352177
0.32152984,0.40256557,0.1453293,0.020461801,0.047646936,0.062466547
0.41572782,0.28753245,0.14180334,0.021822348,0.0524656,0.08064848
0.3060084,0.3057597,0.17922609,0.033350542,0.08942622,0.08622912
0.4145,0.24565558,0.18699624,0.025344282,0.0510766,0.07642727
0.35761118,0.3863283,0.14235595,0.019662961,0.041703958,0.052337617
0.3988024,0.3460227,0.14941283,0.017764209,0.037592407,0.050405443
0.39943528,0.23524012,0.19087148,0.029069662,0.06112085,0.08426266
0.41529337,0.41617948,0.08345446,0.012060104,0.03219061,0.040821996
0.31073198,0.5187453,0.08058487,0.012488022,0.034534384,0.042915445
0.37909713,0.40044606,0.09608547,0.016430782,0.0464431,0.0614975
0.26579845,0.36999193,0.20473632,0.024090149,0.05062255,0.08476055
0.36413485,0.47336662,0.083968036,0.01167645,0.030084722,0.036769286
0.27988026,0.307461,0.21341683,0.03757382,0.06465355,0.097014606
0.37934145,0.22952488,0.18548374,0.036928173,0.06689467,0.101827115
0.36913273,0.2330152,0.18493974,0.038248744,0.06883647,0.10582714
0.38065735,0.23366337,0.17879923,0.036195956,0.06936581,0.101318285
0.32034877,0.22597402,0.20429778,0.051692463,0.080324925,0.11736207
0.39711308,0.23391494,0.16708641,0.035271265,0.06662013,0.09999409
0.3485168,0.25397193,0.17548195,0.039810468,0.07276263,0.10945619
0.3604677,0.22161151,0.1855714,0.04823905,0.07693874,0.107171655
0.34996578,0.26446196,0.16812447,0.0392,0.07251514,0.10573258
0.37444037,0.27148116,0.17239466,0.031050328,0.06085977,0.08977376
0.34929723,0.21045104,0.19108374,0.051209643,0.08314231,0.11481594
0.3743505,0.23010617,0.18076949,0.036391046,0.072167225,0.1062156
0.38835922,0.23493029,0.17572759,0.035034563,0.065498814,0.10044954
0.3222762,0.23294611,0.19208927,0.050457735,0.08449803,0.117732614
0.36519137,0.3659962,0.14235765,0.020270444,0.04241824,0.063766114
0.33073038,0.33961153,0.16514522,0.028306564,0.054214753,0.08199158
0.33771887,0.26349646,0.18226339,0.037157774,0.071785115,0.107578374
0.37616202,0.22325519,0.18988645,0.038824115,0.069792554,0.10207959
0.30521664,0.28028652,0.20014344,0.038074594,0.06951492,0.10676389
0.3297313,0.22171478,0.19999842,0.047648303,0.082624495,0.11828271
0.33845547,0.2611936,0.1846091,0.03631906,0.0685121,0.11091067
0.37271732,0.2133353,0.17615151,0.045011796,0.0760598,0.11672424
0.44275695,0.27642256,0.13256042,0.023263851,0.048165444,0.07683079
0.389089,0.19695708,0.1717083,0.043325193,0.07701358,0.12190692
0.3988373,0.2227503,0.16792211,0.036821708,0.06815078,0.105517834
0.3599352,0.23975222,0.18098825,0.037605144,0.07190035,0.10981877
0.3726954,0.20925596,0.18382172,0.04458589,0.077361286,0.11227979
0.3691901,0.23940243,0.17505911,0.0380507,0.071283616,0.107014075
0.33802694,0.26880133,0.17662269,0.03733398,0.0711563,0.10805876
0.37152496,0.26177305,0.17185315,0.031813033,0.063619226,0.0994166
0.29735902,0.2404357,0.19602668,0.053582504,0.08788341,0.124712676
0.33415255,0.22423552,0.18392347,0.053357657,0.08629793,0.1180329
0.37768242,0.23652518,0.16311105,0.03854104,0.07473904,0.109401345
0.3734897,0.24811472,0.16433321,0.037835408,0.06944722,0.106779695
0.311562,0.21571915,0.20293851,0.0587206,0.08981451,0.12124523
0.3985591,0.23244408,0.15536545,0.03482561,0.066670656,0.112135015
0.27073956,0.43535474,0.179287,0.019285066,0.04071177,0.05462186
0.3126607,0.32373893,0.1769029,0.032535795,0.06115055,0.09301114
0.33134764,0.3121777,0.17970458,0.030103575,0.058692414,0.087974116
0.35603255,0.38995498,0.13359593,0.020125631,0.04355665,0.056734264
0.34422994,0.31259114,0.16941,0.029797679,0.06111229,0.08285904
0.33931705,0.2772698,0.18613447,0.033946987,0.06442473,0.09890692
0.28458342,0.31205446,0.1857398,0.039883234,0.07149179,0.10624732
0.33090836,0.32458425,0.16878812,0.028461542,0.05580868,0.09144906
0.29327846,0.30041954,0.19461565,0.039778963,0.0689896,0.10291776
0.32178456,0.23896025,0.19297355,0.04590439,0.0825497,0.11782758
0.31651413,0.3351626,0.17759989,0.029608048,0.0556776,0.08543777
0.2902128,0.3756781,0.18222536,0.024525754,0.04970582,0.07765216
0.3749126,0.31607684,0.15022309,0.028730903,0.05109463,0.07896196
0.25252643,0.26825982,0.260962,0.04025387,0.071357794,0.10664005
0.31488115,0.24609159,0.1989032,0.043744713,0.08198772,0.11439173
0.3583738,0.3327021,0.15284707,0.026277915,0.04997575,0.07982337
0.40104684,0.33786938,0.1349917,0.019879434,0.041929953,0.064282656
0.31137392,0.43073484,0.14732075,0.018309485,0.037495386,0.054765612
0.4258269,0.3140234,0.12122739,0.022657737,0.059221726,0.057042867
0.452389,0.37994376,0.080005035,0.015401677,0.037342187,0.034918338
0.51322305,0.3052382,0.08121288,0.015495928,0.044445638,0.04038438
0.3688845,0.31288266,0.12269677,0.031081524,0.08884172,0.07561277
0.42586005,0.23776405,0.117832445,0.042079426,0.09138356,0.085080475
0.40094048,0.27456248,0.12130674,0.037186805,0.08833178,0.07767174
0.39109886,0.28593063,0.11381699,0.037845314,0.09169037,0.07961784
0.441617,0.2467131,0.10613166,0.038010795,0.08975085,0.07777649
0.41431978,0.26112562,0.11561966,0.039196584,0.0869896,0.08274871
0.41567427,0.25510812,0.11428571,0.040169872,0.09170087,0.08306118
0.4048307,0.24827495,0.12100081,0.03827147,0.10226792,0.085354105
0.40757722,0.25115213,0.12765677,0.037449483,0.091597944,0.084566474
0.41490728,0.22184663,0.13561586,0.040318444,0.09582864,0.0914831
0.41570464,0.24359623,0.13281123,0.036998432,0.08522736,0.08566207
0.40405804,0.24415943,0.13194466,0.038081173,0.09278259,0.08897407
0.40587893,0.2527218,0.13395591,0.03597396,0.08507825,0.08639112
0.46166086,0.33368742,0.09752183,0.016681066,0.043046344,0.047402438
0.4511689,0.31322226,0.10224025,0.020746207,0.054183614,0.058438808
0.41004094,0.28059804,0.12658404,0.030319555,0.077146195,0.07531118
0.42410088,0.22995153,0.13282482,0.039815955,0.09136084,0.08194599
0.43416816,0.22488108,0.11901738,0.042517923,0.09578107,0.08363438
0.42152327,0.2314389,0.12430059,0.040500965,0.09750311,0.08473314
0.40260977,0.24593806,0.13309702,0.03968432,0.096149385,0.08252137
0.41769767,0.23893407,0.12223339,0.046693906,0.09580204,0.078638986
0.40813816,0.25875854,0.11932032,0.04458212,0.08752026,0.08168069
0.436533,0.2329219,0.123593755,0.04044325,0.08652982,0.07997832
0.4350117,0.23404124,0.11954863,0.04262693,0.091141224,0.077630304
0.46755973,0.237187,0.10426636,0.0377077,0.08557206,0.067707166
0.39346018,0.371088,0.13137825,0.018893152,0.04132735,0.04385305
0.35166368,0.28669715,0.14391345,0.04768604,0.08541859,0.08462117
0.470839,0.21626075,0.09732006,0.040376738,0.10135128,0.073852144
0.41434354,0.31987506,0.09485885,0.028346585,0.07853274,0.06404324
0.4021406,0.32109606,0.10657363,0.029543247,0.073930405,0.06671608
0.43884438,0.3061349,0.10644993,0.024615549,0.06678771,0.057167433
0.43297517,0.26891747,0.11206987,0.03515585,0.08356728,0.06731443
0.3675126,0.23113126,0.1725075,0.04178894,0.09602864,0.0910311
0.427064,0.23182312,0.1301605,0.038203962,0.08846621,0.084282175
0.40618557,0.26666355,0.12131016,0.03596098,0.08963305,0.08024669
0.31579396,0.26476642,0.18211001,0.047347832,0.09910117,0.09088059
0.32089692,0.2785837,0.17157349,0.045643352,0.08853569,0.09476685
0.4381984,0.23535886,0.12570323,0.035326805,0.088342555,0.07707016
0.42026702,0.23594333,0.14315021,0.03703786,0.080588326,0.08301328
0.40075096,0.24583896,0.16302812,0.03502383,0.07403956,0.0813186
0.40419108,0.2542876,0.13427746,0.039658275,0.08788322,0.07970239
0.42283353,0.365,0.10509968,0.016848434,0.04398139,0.04623698
0.3489163,0.41336173,0.13033034,0.01824387,0.045410696,0.043737084
0.44369966,0.32874423,0.11011263,0.019729655,0.047912907,0.04980094
0.38181818,0.25025868,0.1812043,0.033774342,0.07422612,0.078718394
0.36840108,0.28373182,0.14692608,0.034196958,0.08631794,0.080426104
0.3588578,0.4135939,0.13763842,0.01408357,0.038870297,0.036956
0.39141795,0.26219377,0.138107,0.042509414,0.09247801,0.07329384
0.4515289,0.23761506,0.11603643,0.037143074,0.08722009,0.070456356
0.4159824,0.277076,0.11773112,0.036135152,0.0814953,0.07158007
0.36004427,0.2985581,0.122918725,0.037712578,0.09884017,0.08192614
0.48304492,0.2227866,0.10727776,0.035707865,0.07837206,0.07281071
0.41545218,0.4174258,0.08880939,0.012242773,0.033541676,0.03252819
0.37299097,0.283,0.14026813,0.03569492,0.08805395,0.079991974
0.35851315,0.2568019,0.16240825,0.039569028,0.09362851,0.08907914
0.3503785,0.3089153,0.12148344,0.037029788,0.09831934,0.08387362
0.37795392,0.28121853,0.12779428,0.0376643,0.09445985,0.080909155
0.39458054,0.2824423,0.117232636,0.034540713,0.092389144,0.07881467
0.39238563,0.32024536,0.113789886,0.027965456,0.07668837,0.06892531
0.3382552,0.30601612,0.17150107,0.03027078,0.073768124,0.08018872
0.460061,0.25688264,0.12004937,0.029944634,0.066359684,0.066702686
0.3812188,0.22998631,0.16272272,0.046318334,0.09282983,0.086923994
0.32033908,0.19187714,0.20250238,0.063164346,0.10907881,0.11303826
0.4009781,0.23560467,0.1694198,0.041052423,0.073249765,0.07969527
0.41401556,0.23891428,0.15766118,0.038731225,0.07213839,0.07853931
0.28916577,0.20503215,0.21573222,0.07328755,0.10748537,0.10929696
0.3237361,0.36318928,0.15836132,0.03047336,0.060359307,0.06388063
0.37906155,0.21568766,0.14816178,0.05211527,0.10742739,0.0975463
0.3806885,0.19962883,0.1538737,0.05673592,0.108065195,0.101007834
0.40743685,0.18848914,0.142593,0.054005668,0.11053069,0.0969446
0.39548683,0.19624373,0.1500429,0.05553492,0.10725308,0.095438495
0.3144887,0.37373793,0.15305875,0.031192174,0.06389612,0.06362638
0.4526943,0.24765468,0.10413272,0.03547891,0.08913641,0.07090296
0.27152517,0.35395968,0.23018381,0.026207471,0.050486796,0.067637056
0.39337763,0.2991683,0.13432047,0.03142337,0.07116176,0.07054849
0.42502946,0.24279737,0.11851807,0.037042562,0.097902246,0.07871032
0.38200477,0.26681533,0.12712404,0.03656836,0.10299004,0.084497504
0.42368627,0.2491983,0.11830292,0.036773648,0.09607522,0.075963676
0.3085707,0.2846973,0.17980003,0.043452464,0.0965762,0.08690329
0.40302718,0.2691759,0.119381785,0.03685791,0.095082596,0.0764747
0.46284342,0.32211742,0.09033414,0.018958675,0.05640936,0.049336962
0.4978299,0.31539166,0.08554332,0.014746059,0.04343152,0.0430575
0.37697667,0.27692652,0.13847658,0.03397532,0.09315119,0.08049377
0.42269677,0.28417945,0.11568048,0.028904654,0.07446827,0.074070394
0.3963315,0.32538202,0.11293575,0.025516002,0.07243801,0.067396626
0.40057734,0.2772573,0.11732855,0.03572502,0.09003016,0.079081595
0.37451583,0.24611521,0.13745748,0.045376595,0.10722733,0.08930753
0.41763228,0.26950705,0.11571489,0.03347767,0.090485364,0.07318272
0.38446236,0.27535582,0.1280511,0.03511552,0.093321756,0.08369342
0.40146047,0.2497691,0.12583217,0.037810005,0.10002473,0.085103564
0.372654,0.28834042,0.118877,0.03756447,0.09772717,0.084836975
0.43435925,0.23045343,0.120485514,0.04153324,0.095387295,0.077781245
0.4209107,0.33202282,0.100232355,0.022893313,0.066792466,0.05714835
0.39265335,0.27627948,0.1266313,0.034883924,0.08977233,0.07977959
0.46872845,0.2233352,0.11846319,0.035532024,0.080099516,0.07384162
0.43118918,0.33657724,0.11295139,0.021629598,0.0507504,0.046902206
0.38550025,0.342702,0.1197346,0.028707244,0.0590666,0.06428932
0.44906634,0.37619457,0.08569805,0.014521223,0.03950688,0.035012946
0.4314735,0.36003307,0.097028814,0.01698683,0.046617117,0.047860675
0.258224,0.39836106,0.17986941,0.028242424,0.05998019,0.0753229
0.25174,0.23659381,0.25296846,0.050257728,0.107653,0.10078702
0.4238699,0.2786832,0.13082011,0.03156464,0.074745946,0.060316242
0.40286383,0.26479378,0.14670101,0.032940112,0.07837185,0.074329436
0.42889246,0.2821565,0.12177144,0.027206158,0.07352733,0.06644612
0.24690177,0.2258615,0.28745458,0.050249517,0.08624434,0.10328833
0.31831393,0.38949525,0.16524664,0.023228442,0.049461566,0.054254152
0.36109293,0.41068566,0.12343657,0.017743705,0.045937426,0.041103717
0.41870162,0.3920466,0.09271795,0.01728518,0.041825507,0.037423145
0.35493532,0.36931536,0.15063843,0.023159612,0.051954668,0.049996622
0.40849856,0.32685184,0.1318752,0.025161138,0.052872397,0.05474084
0.30101958,0.39719957,0.15391424,0.029476454,0.061008044,0.057382107
0.33082822,0.35577375,0.16546403,0.029137857,0.05671996,0.06207612
0.36851737,0.39031783,0.10912448,0.024521956,0.05610138,0.05141695
0.43274155,0.3382605,0.0993759,0.024668813,0.055147797,0.04980544
0.28217617,0.37356195,0.18639906,0.032511204,0.062360812,0.0629908
0.32271996,0.37778658,0.13580629,0.034213103,0.067923695,0.061550375
0.33438465,0.37187043,0.14012258,0.029371198,0.06402266,0.06022854
0.25518674,0.23529045,0.15834233,0.057432093,0.18842146,0.10532688
0.22891742,0.34619403,0.14182161,0.041602377,0.15621667,0.085247904
0.35195842,0.36578685,0.09796756,0.028362667,0.0993983,0.056526177
0.36890104,0.33358702,0.120952524,0.032822747,0.074672714,0.06906395
0.3767852,0.21090499,0.22087182,0.03436107,0.07003796,0.08703906
0.2996543,0.20490092,0.26434237,0.042462572,0.07710114,0.11153871
0.38404268,0.28318238,0.1760743,0.026210822,0.057357047,0.07313275
0.32255778,0.25099698,0.20237349,0.04529047,0.07930425,0.09947702
0.32268545,0.34550452,0.16560492,0.029914552,0.060744926,0.07554567
0.36308643,0.33673722,0.15465075,0.026167141,0.05357083,0.06578768
0.3543264,0.26243553,0.20502062,0.02921541,0.061208367,0.08779367
0.40441862,0.39845195,0.10097125,0.015821729,0.03797617,0.042360295
0.299873,0.26066583,0.25777495,0.031632584,0.059770964,0.09028272
0.4139189,0.24583519,0.15263672,0.030012727,0.07104608,0.08655043
0.35725182,0.4124993,0.12008308,0.017768582,0.043371882,0.04902538
0.40852776,0.2674189,0.16772395,0.025221368,0.057040658,0.07406734
0.3553518,0.3496551,0.16908938,0.022033937,0.043267917,0.060601838
0.36877912,0.37496567,0.12618423,0.022205487,0.050129063,0.057736415
0.42975125,0.27786514,0.15213032,0.02118716,0.052658446,0.06640768
0.28718814,0.34290978,0.17939316,0.033406332,0.07075404,0.086348526
0.4344481,0.33212993,0.119654596,0.019823411,0.0432075,0.050736457
0.44193506,0.21991922,0.15880303,0.030890672,0.06589309,0.08255884
0.41834006,0.34112072,0.11486453,0.023054827,0.046368044,0.056251876
0.2720789,0.38539436,0.18012038,0.026535392,0.0564602,0.07941078
0.34337407,0.35760617,0.16990183,0.020225955,0.043244325,0.06564766
0.33265248,0.31308392,0.17341745,0.028816069,0.06245155,0.089578606
0.32547584,0.2805875,0.19214448,0.030839045,0.06920906,0.101744086
0.3554618,0.4300913,0.11832397,0.015537026,0.03499267,0.045593224
0.4082268,0.39307743,0.104275465,0.015486895,0.035283256,0.04365019
0.38540545,0.37844074,0.14612907,0.014113087,0.031209322,0.04470239
0.45869085,0.27829108,0.14928952,0.01701882,0.041560873,0.055148814
0.39956957,0.43762693,0.09092622,0.01110704,0.027216356,0.03355392
0.45579332,0.39353728,0.081963964,0.010648936,0.026562676,0.031493858
0.24362959,0.39153397,0.20537496,0.024332527,0.064710155,0.07041885
0.35825348,0.3768076,0.14611879,0.02007715,0.042957723,0.05578524
0.31995052,0.42373857,0.16090953,0.015238807,0.033325575,0.046837002
0.26131004,0.32045525,0.21703123,0.032451887,0.08132888,0.08742271
0.28983843,0.26332393,0.17937423,0.047120705,0.10482508,0.11551766
0.3278991,0.2419322,0.18510786,0.044650987,0.091806434,0.108603425
0.4118694,0.23481846,0.13748217,0.036417305,0.08270932,0.09670329
0.429111,0.24546197,0.13832407,0.031310044,0.06878682,0.087006114
0.34968275,0.24795583,0.19309153,0.03571066,0.07084922,0.10270998
0.27847543,0.28859025,0.22371823,0.036376934,0.07426225,0.0985769
0.40776205,0.22583221,0.1613412,0.03647294,0.07150748,0.09708409
0.46046472,0.24505754,0.14149076,0.024019819,0.054844506,0.07412266
0.4309342,0.23354776,0.16770332,0.027741307,0.05935668,0.08071681
0.4120389,0.25189665,0.13448314,0.034268737,0.071551815,0.0957608
0.33268538,0.26041853,0.17612745,0.03901771,0.08877042,0.10298048
0.45741066,0.2201331,0.15235528,0.030286541,0.061605208,0.07820926
0.36422843,0.25763994,0.17070103,0.036650702,0.07651656,0.094263315
0.39609265,0.24269098,0.18559395,0.028590783,0.0639191,0.083112575
0.41678345,0.22454034,0.14552492,0.036491226,0.07723734,0.09942269
0.32215372,0.24147223,0.22945936,0.033977214,0.06801206,0.104925476
0.29503906,0.22338702,0.29122856,0.029809216,0.05874143,0.10179473
0.44373804,0.23066251,0.14372905,0.030415865,0.06776425,0.083690345
0.44998193,0.22486296,0.13877432,0.030779613,0.070253946,0.08534732
0.33693865,0.23212494,0.16855307,0.04949712,0.10143335,0.111452915
0.45461372,0.21692829,0.14862426,0.03193563,0.06537031,0.08252779
0.27928647,0.25036132,0.20126833,0.05898207,0.09606815,0.11403365
0.42662618,0.24832338,0.14026454,0.032100786,0.068031795,0.08465332
0.4085857,0.25257754,0.15279196,0.029288143,0.06364923,0.0931074
0.5138863,0.23044091,0.101535216,0.02316336,0.0534716,0.07750259
0.29058868,0.22480994,0.2950779,0.032188505,0.06422146,0.0931135
0.36844268,0.24462977,0.19023132,0.03123483,0.07020747,0.09525388
0.44006228,0.2065911,0.15069807,0.033232,0.07400479,0.09541174
0.32263848,0.24011175,0.22463359,0.03619416,0.072200045,0.10422202
0.36496893,0.24481072,0.17616926,0.037152775,0.073372096,0.10352619
0.4620783,0.22994727,0.12698057,0.027892075,0.06228381,0.09081798
0.35882807,0.25645185,0.20380783,0.029179072,0.062098097,0.08963515
0.37794796,0.24781093,0.14760765,0.03684904,0.08514701,0.10463733
0.458601,0.24380054,0.09669932,0.033213165,0.07624971,0.091436274
0.4905709,0.2002141,0.13466607,0.027041936,0.062313505,0.08519353
0.4185903,0.22694787,0.14182307,0.035513286,0.07764774,0.09947777
0.43461043,0.21680915,0.15922056,0.033225846,0.068620935,0.08751317
0.38858196,0.23860909,0.20867348,0.027213313,0.060074896,0.07684725
0.33881608,0.32993832,0.18787274,0.023347916,0.050443232,0.06958182
0.3979236,0.38223264,0.13921994,0.013224937,0.028318398,0.039080553
0.252563,0.49230105,0.12143016,0.023505427,0.049388487,0.060811915
0.25784737,0.40932417,0.17373103,0.027555902,0.05491659,0.076624945
0.25827807,0.3361935,0.24708585,0.024047555,0.051345386,0.083049625
0.40296343,0.39688116,0.08517,0.021236036,0.046059188,0.04769017
0.38338992,0.37807125,0.12643123,0.018957317,0.044125695,0.049024604
0.428044,0.34576112,0.13251685,0.015210284,0.03489675,0.043570984
0.42188597,0.3696238,0.1217199,0.014213919,0.031861514,0.040694848
0.43844786,0.34392446,0.12569728,0.015435475,0.033758905,0.042736057
0.46133322,0.23581402,0.16710101,0.022148933,0.047094993,0.06650785
0.38372502,0.21526869,0.1709603,0.041531306,0.08361775,0.10489689
0.49872148,0.23157015,0.1400527,0.020932345,0.04536325,0.063360035
0.39304405,0.28078777,0.1654953,0.02710756,0.056581337,0.07698402
0.34121972,0.27268568,0.15952331,0.04060763,0.08364701,0.10231671
0.40168685,0.39022374,0.11721191,0.01427464,0.032860205,0.043742653
0.390894,0.34345794,0.15146574,0.02044954,0.04192258,0.051810235
0.3169021,0.31294626,0.18507808,0.031892583,0.06473586,0.0884451
0.42541924,0.3575886,0.12456536,0.015686179,0.033535626,0.043205023
0.26308987,0.27472505,0.27382085,0.03139841,0.061636727,0.095329136
0.39913446,0.37613377,0.13130322,0.014966085,0.035765126,0.042697374
0.4227135,0.24667469,0.15080741,0.028935835,0.06646174,0.084406845
0.2670415,0.36125752,0.21669304,0.026744647,0.053673346,0.07458992
0.42371416,0.24571013,0.13979612,0.030549707,0.07426188,0.08596798
0.4077091,0.25873902,0.15248615,0.029117648,0.068592414,0.08335565
0.35408014,0.257946,0.22242966,0.025868246,0.055667415,0.08400854
0.2844679,0.27075684,0.27338612,0.025808062,0.05485389,0.09072716
0.40127444,0.36674058,0.12722823,0.017854199,0.037516896,0.049385685
0.40126935,0.3789564,0.122818366,0.015363818,0.03478814,0.046803933
0.3312328,0.26269293,0.19963042,0.033863463,0.07001959,0.10256077
0.49128482,0.218386,0.16648416,0.01891846,0.04367839,0.061248194
0.41313234,0.39425993,0.105485536,0.013940828,0.03317433,0.040007025
0.32069638,0.24302243,0.25982887,0.027318846,0.057925504,0.09120799
0.39717546,0.42308205,0.09489305,0.014008507,0.031783838,0.03905707
0.3528484,0.377232,0.14899601,0.018957034,0.040500946,0.061465636
0.38037974,0.37248987,0.154757,0.015051057,0.032650016,0.04467236
0.41142058,0.38136137,0.1314918,0.011805726,0.026955623,0.03696494
0.3656218,0.40152487,0.1530859,0.012414913,0.028056234,0.039296273
0.45054,0.36742187,0.08714968,0.015156066,0.035089664,0.04464268
0.4250661,0.38014272,0.10592385,0.014004189,0.03206761,0.04279551
0.3534851,0.38250446,0.1515942,0.01872129,0.03849642,0.055198543
0.39591172,0.3690482,0.13128465,0.016135722,0.038445707,0.04917395
0.34691954,0.38509262,0.18278144,0.013374574,0.031173537,0.04065834
0.37560746,0.2298882,0.23602791,0.024980914,0.05382687,0.07966866
0.3674811,0.36957088,0.14065441,0.02174782,0.048258267,0.052287493
0.3514526,0.26115468,0.1699546,0.038467076,0.08220088,0.09677021
0.2611224,0.28131112,0.2105226,0.036239125,0.11598474,0.09482001
0.29511762,0.23720127,0.27306977,0.035626214,0.06458677,0.09439831
0.3374887,0.39599276,0.16732793,0.01739468,0.03536265,0.046433296
0.34381837,0.36585695,0.18850893,0.016190812,0.03397674,0.051648196
0.38144654,0.29569647,0.14762506,0.031156646,0.06051825,0.08355708
0.2706136,0.31038895,0.18491328,0.043667253,0.07499338,0.115423545
0.38684165,0.41502678,0.09988009,0.01529423,0.033854064,0.049103186
0.35618687,0.36711812,0.17014132,0.017690565,0.03563987,0.053223237
0.290802,0.37141573,0.1820954,0.026645781,0.054452695,0.074588396
0.29087508,0.26838377,0.20776136,0.04512943,0.08420685,0.10364356
0.32404134,0.26626232,0.17960766,0.043860067,0.08145293,0.104775675
0.2897396,0.28474844,0.26448926,0.024635276,0.052112315,0.08427515
0.25679618,0.30289283,0.199495,0.045267355,0.07473232,0.120816275
0.30244848,0.2588351,0.22553574,0.035859443,0.06911353,0.1082077
0.32021648,0.23732153,0.22604832,0.036192726,0.07066039,0.109560594
0.3167191,0.22377743,0.22149459,0.040682264,0.07958438,0.11774224
0.30750272,0.41435477,0.1816292,0.01529309,0.03219112,0.049029026
0.33890042,0.39438537,0.1582072,0.016828751,0.03656907,0.055109207
0.32614583,0.2476866,0.18740453,0.043605328,0.082463734,0.112693965
0.41710323,0.38258675,0.10811597,0.014811337,0.033489175,0.043893542
0.38894346,0.38793576,0.12401426,0.015898202,0.036007617,0.047200736
0.31281117,0.3453347,0.17961861,0.026403014,0.05618104,0.07965146
0.3224234,0.24992225,0.1978056,0.039249524,0.0778405,0.1127587
0.34163216,0.27197424,0.17995144,0.03135895,0.07240043,0.10268272
0.32732055,0.24169776,0.20587808,0.03795667,0.07495214,0.11219481
0.32269087,0.25270838,0.19342695,0.03809701,0.08101447,0.11206231
0.29633188,0.2899624,0.18363963,0.042655453,0.077965476,0.10944515
0.32177284,0.24647991,0.21510825,0.034571804,0.07210274,0.109964505
0.31812212,0.22040047,0.21722007,0.04140629,0.08450634,0.11834472
0.32096112,0.2889477,0.17234421,0.037173614,0.07497373,0.10559958
0.31946874,0.26651865,0.18129689,0.03845058,0.08239222,0.11187289
0.25366735,0.28353718,0.23222366,0.04226687,0.080622464,0.10768252
0.42879856,0.18063875,0.17454161,0.041159485,0.07876068,0.09610091
0.5619592,0.20845933,0.0915233,0.026747307,0.056187432,0.055123452
0.5577238,0.1827752,0.09581518,0.03033467,0.06924237,0.06410873
0.46252698,0.21437871,0.1475045,0.03415235,0.069606975,0.07183047
0.5464553,0.18707678,0.10171666,0.028953511,0.06762201,0.06817572
0.5331906,0.18190022,0.1072414,0.03201573,0.072418906,0.07323313
0.444807,0.22200827,0.12691718,0.040664695,0.08140911,0.08419373
0.5451853,0.18871585,0.100533925,0.030734807,0.06722392,0.06760611
0.4533533,0.19930351,0.1266288,0.04369734,0.088449955,0.08856719
0.6303124,0.18570222,0.07825381,0.020021912,0.04179427,0.043915376
0.5404106,0.19795209,0.110002786,0.02969623,0.06195265,0.05998572
0.4321702,0.22387448,0.13114092,0.047535308,0.09120887,0.07407026
0.5431508,0.19969836,0.10798357,0.02987591,0.060863376,0.058428004
0.47895288,0.2207055,0.116102174,0.03624367,0.075066045,0.072929785
0.47838768,0.20155329,0.13246885,0.03937107,0.07278747,0.07543173
0.50254524,0.19540258,0.12185316,0.033960745,0.07233423,0.07390411
0.53358215,0.19974935,0.120027944,0.027642379,0.059743475,0.05925469
0.46752688,0.18552604,0.13839576,0.039709866,0.08560076,0.08324068
0.5235452,0.18744986,0.11906686,0.030724762,0.07188337,0.06732992
0.5487126,0.19089806,0.1199654,0.026051216,0.05626974,0.05810297
0.62921494,0.19306812,0.082591,0.01764869,0.037547763,0.039929476
0.51863545,0.189694,0.116634645,0.032513786,0.07034074,0.07218141
0.55284745,0.20700637,0.11596885,0.022788156,0.046709638,0.05467963
0.564501,0.18625836,0.108824626,0.025490452,0.056040466,0.058885112
0.6326414,0.19170862,0.08879951,0.014591241,0.033611685,0.038647573
0.54613453,0.22356787,0.106477425,0.024265956,0.049640674,0.04991352
0.506313,0.2361914,0.11923274,0.024152612,0.05708567,0.057024542
0.5314392,0.18454354,0.12211286,0.030206773,0.06656307,0.06513461
0.5861925,0.19613744,0.09740972,0.022591203,0.047845267,0.04982394
0.63078314,0.16699952,0.081168205,0.019880606,0.045545217,0.055623375
0.6026966,0.1766299,0.09127286,0.02049015,0.050487556,0.058422923
0.54911554,0.18182224,0.1047,0.027395725,0.06531591,0.071650624
0.5944958,0.18830982,0.09418376,0.021367991,0.04946191,0.052180745
0.51701313,0.22198129,0.13410158,0.021112677,0.04611466,0.059676554
0.49888873,0.20983505,0.17844906,0.014829577,0.03950804,0.05848954
0.315446,0.3656311,0.14346285,0.025354128,0.067796625,0.0823093
0.44337016,0.35082003,0.11632799,0.015011392,0.03404278,0.040427566
0.4106204,0.33364993,0.15952906,0.016437765,0.03442368,0.045339156
0.48210636,0.1916534,0.15075271,0.02194285,0.06596032,0.087584354
0.4192855,0.3850273,0.10244852,0.013732573,0.033364564,0.04614155
0.38957494,0.36973172,0.13450472,0.013421197,0.03558131,0.05718614
0.538365,0.18507664,0.12949169,0.019249955,0.054082967,0.073733784
0.55948794,0.22219953,0.1003546,0.019969704,0.045364592,0.052623585
0.40034518,0.37191662,0.14913186,0.01097806,0.029484475,0.038143806
0.51074743,0.18911147,0.12460372,0.035798922,0.07351415,0.066224225
0.5730706,0.18900375,0.10030205,0.02224418,0.05326126,0.062118188
0.5407431,0.18388715,0.13161547,0.018445536,0.054763407,0.070545375
0.46967438,0.20195055,0.13273357,0.02642283,0.079651564,0.08956717
0.47733566,0.32617247,0.08843086,0.020030122,0.044492565,0.043538295
0.45731112,0.23820513,0.13918336,0.022685746,0.056742914,0.085871674
0.40917847,0.39930895,0.12164736,0.009000395,0.02855832,0.03230654
0.41553625,0.35150638,0.102167286,0.01966568,0.06313045,0.047993973
0.43108177,0.3501106,0.09204567,0.019340618,0.05991261,0.047508758
0.38745198,0.35416222,0.15577316,0.014847449,0.038261663,0.049503498
0.44345364,0.38849753,0.08992356,0.0114860255,0.028681943,0.03795732
0.41236538,0.3801835,0.1289727,0.011048178,0.026788913,0.040641304
0.23390812,0.32738203,0.23234054,0.032089707,0.07453098,0.09974864
0.44972232,0.19886225,0.2116484,0.019403115,0.046100944,0.07426293
0.30405256,0.29630953,0.21903266,0.027549632,0.06915787,0.08389776
0.24305429,0.31563905,0.19706687,0.029905675,0.1117831,0.10255097
0.25470683,0.36698225,0.17919827,0.033124633,0.08311275,0.08287528
0.2884405,0.27180943,0.21509556,0.033084556,0.09435715,0.09721276
0.31765175,0.27522987,0.25286078,0.022770742,0.049641177,0.08184569
0.29347405,0.22981136,0.24977243,0.0315115,0.071063854,0.12436675
0.30887252,0.32466656,0.17623267,0.029029217,0.07312495,0.08807412
0.26999784,0.32611018,0.20587611,0.03244133,0.061512895,0.10406163
0.2835369,0.37005603,0.1707218,0.026707632,0.056013122,0.09296448
0.38105553,0.28631908,0.12519477,0.034683086,0.06700209,0.10574547
0.38022465,0.34513193,0.123953685,0.024796616,0.05025227,0.07564086
0.3719433,0.25080582,0.1388504,0.042041704,0.081017576,0.11534126
0.42520562,0.2642337,0.14258721,0.025173523,0.05257549,0.09022446
0.3494047,0.28520003,0.13479148,0.043191254,0.07537396,0.11203866
0.43407443,0.26294756,0.11063289,0.031038048,0.066504225,0.09480284
0.4202926,0.3714448,0.09923256,0.016797846,0.040722612,0.05150966
0.39712006,0.2863344,0.15005723,0.0254212,0.05157851,0.08948861
0.36998641,0.3791741,0.15128934,0.016408656,0.03253745,0.05060399
0.34091333,0.30317888,0.1451007,0.03464158,0.07469123,0.101474285
0.30435294,0.33695817,0.14487886,0.035454176,0.06935314,0.10900273
0.32683975,0.35594007,0.14342302,0.027113128,0.055880383,0.09080371
0.43134984,0.3122607,0.12256326,0.019572161,0.042417567,0.071836516
0.29811743,0.3727868,0.15295053,0.02985401,0.05609681,0.090194434
0.34974226,0.3887491,0.13836579,0.018624267,0.03961499,0.06490362
0.36693993,0.33332157,0.12169047,0.02791699,0.057788815,0.09234232
0.40362513,0.30899307,0.12432733,0.024229355,0.05303905,0.085786015
0.34015718,0.37283644,0.13278791,0.023366217,0.048848107,0.08200417
0.28918356,0.32896677,0.14907075,0.043398403,0.07554438,0.11383608
0.28515217,0.36442015,0.15459222,0.029623793,0.064016625,0.10219509
0.4306293,0.37180108,0.11005147,0.013738567,0.0302056,0.043573953
0.31272915,0.35390475,0.14368787,0.03020641,0.059951555,0.09952025
0.33495843,0.35795993,0.15307823,0.024731223,0.048194543,0.081077635
0.415372,0.31988108,0.12136357,0.02089472,0.0466802,0.07580834
0.27811396,0.4057682,0.14748456,0.02637947,0.054771423,0.08748236
0.3002562,0.40250683,0.13810547,0.023730546,0.052607454,0.08279352
0.28052074,0.3696234,0.15808377,0.029582301,0.06101284,0.10117693
0.45649555,0.20906068,0.14100972,0.024664337,0.053333428,0.11543628
0.36859637,0.2139079,0.2284834,0.026671384,0.052253596,0.11008727
0.49109036,0.19614819,0.13476245,0.024101548,0.050559077,0.10333833
0.44310176,0.2110585,0.15953165,0.026216326,0.053637102,0.10645462
0.43725726,0.2117045,0.16766551,0.024006726,0.05539689,0.10396917
0.5163952,0.20122409,0.13937137,0.01815556,0.039820723,0.08503299
0.5074509,0.21111086,0.12722518,0.01969707,0.045025624,0.08949041
0.3708016,0.37445432,0.15573682,0.014117187,0.031512942,0.0533771
0.36515445,0.2282835,0.22176348,0.025407355,0.053379342,0.1060119
0.38104898,0.2135481,0.1729315,0.033113748,0.07116773,0.12818995
0.47100598,0.20843077,0.14004062,0.02341379,0.053466283,0.10364254
0.43608713,0.21390298,0.15012947,0.026548335,0.059017476,0.114314556
0.42570245,0.20410706,0.14121203,0.03297383,0.06689668,0.12910792
0.37363687,0.30138594,0.1514134,0.023399571,0.048859708,0.101304576
0.4508947,0.2594189,0.13564125,0.021571975,0.04717261,0.08530058
0.53012794,0.18464756,0.12347633,0.02207624,0.052688845,0.08698318
0.46329567,0.19304723,0.15678176,0.0261041,0.058143232,0.10262805
0.42814502,0.18692563,0.18058461,0.032391857,0.060744226,0.11120865
0.40229797,0.2004701,0.16178581,0.035335224,0.06847817,0.13163272
0.39623404,0.22554865,0.17047507,0.03372123,0.06576068,0.108260356
0.370451,0.22920537,0.1739638,0.038344126,0.074016176,0.11401945
0.37148887,0.21373183,0.20601451,0.034385942,0.0682763,0.10610261
0.32369268,0.21188931,0.23379812,0.038151048,0.070823215,0.12164569
0.40841156,0.21419811,0.16282508,0.036968455,0.06659789,0.110998966
0.36209908,0.21512048,0.17819631,0.044425618,0.07735355,0.122804984
0.42139345,0.21049863,0.15502453,0.03472,0.06791942,0.110443965
0.36991572,0.232193,0.21679644,0.03022568,0.05349037,0.09737882
0.41102082,0.20510791,0.20624413,0.026126917,0.05409873,0.097401515
0.44503346,0.23374596,0.14332622,0.026814226,0.061678465,0.08940163
0.3964057,0.24092394,0.1773597,0.02658114,0.05144415,0.10728536
0.40110514,0.21009889,0.19832115,0.029597947,0.06011061,0.10076627
0.24242693,0.37472963,0.1744285,0.03270161,0.06767874,0.108034626
0.2938015,0.37758905,0.15943953,0.023932142,0.048350375,0.096887425
0.2454506,0.3805951,0.1971116,0.028277755,0.050865017,0.097699896
0.23691833,0.30692184,0.2082722,0.041114602,0.07120235,0.1355707
0.28084195,0.3833909,0.1652568,0.023812313,0.050071288,0.09662674
0.210609,0.24191396,0.26168424,0.056197233,0.08491854,0.14467697
0.22407788,0.37077802,0.21581103,0.027453255,0.060039215,0.10184061
0.23280744,0.26233026,0.25682056,0.042486932,0.06567497,0.13987985
0.31347272,0.3324951,0.17767605,0.024154551,0.057477336,0.09472416
0.26988775,0.2971914,0.22460279,0.034107734,0.061636202,0.11257416
0.21617994,0.3238803,0.23301938,0.04158334,0.07403271,0.11130436
0.21730885,0.31518,0.20304142,0.049958803,0.09442135,0.120089576
0.24875042,0.24662367,0.25766248,0.043591574,0.07405328,0.12931862
0.20647585,0.33922112,0.22348759,0.0373593,0.080296546,0.11315956
0.26588878,0.29204667,0.22845744,0.034046322,0.06642103,0.11313979
0.2485001,0.33163378,0.21519299,0.033528738,0.06561559,0.105528764
0.5494769,0.18721183,0.13978602,0.016167598,0.0364291,0.07092847
0.39119282,0.20783928,0.16836554,0.033292584,0.065354384,0.1339553
0.55783,0.1850369,0.13383564,0.01578738,0.03609674,0.07141337
0.35825655,0.42254317,0.1260398,0.0132174,0.02879391,0.051149182
0.5121423,0.19199584,0.14203072,0.01996607,0.044283386,0.0895817
0.3528767,0.20009154,0.18990746,0.041093487,0.07416463,0.14186619
0.5498667,0.17450437,0.15579003,0.01752739,0.037978686,0.06433286
0.27852845,0.20855844,0.2726608,0.035856027,0.063964725,0.14043161
0.29058984,0.29429498,0.1993627,0.031714793,0.059225075,0.12481263
0.26106474,0.35485935,0.17264098,0.032824237,0.06303855,0.11557214
0.2638114,0.4515136,0.17064275,0.017376116,0.03847102,0.05818513
0.3033236,0.40978527,0.17629766,0.017240874,0.035764944,0.057587646
0.27232543,0.4152023,0.19279256,0.019224593,0.03760057,0.062854536
0.36507383,0.23735403,0.21215893,0.026923502,0.0582406,0.100249074
0.32076016,0.38866222,0.18189825,0.016584663,0.036897045,0.055197716
0.34286436,0.31643578,0.20957336,0.019813452,0.03946676,0.07184626
0.25680807,0.26794523,0.2533475,0.038661923,0.06412129,0.11911598
0.29895312,0.26084358,0.23564005,0.035614084,0.06183016,0.10711904
0.33780897,0.26200438,0.20764671,0.030563956,0.060677342,0.10129866
0.34804776,0.24701846,0.21517572,0.03182297,0.058419257,0.099515855
0.34237608,0.22209357,0.24902406,0.032824125,0.054178998,0.09950315
0.26504153,0.40164354,0.18012053,0.02540404,0.04731058,0.080479816
0.2930572,0.23682414,0.23000479,0.04428039,0.074256465,0.12157695
0.25831223,0.20391582,0.2880132,0.051162906,0.07694436,0.121651486
0.2883278,0.3786042,0.16852768,0.026879007,0.05257939,0.08508195
0.22589946,0.5029434,0.17022689,0.016166655,0.035582207,0.04918136
0.25554532,0.27446842,0.27919137,0.029836591,0.053764965,0.10719332
0.2563484,0.2920702,0.2168411,0.035251237,0.06608561,0.13340344
0.26980484,0.4637138,0.15521269,0.018116444,0.035391167,0.057761133
0.3417214,0.29459688,0.17920913,0.026619982,0.06503228,0.09282034
0.32044894,0.26346436,0.1994661,0.033921357,0.07242441,0.110274926
0.29155523,0.32754612,0.19017461,0.029273845,0.06990917,0.09154104
0.2565454,0.25202957,0.24773204,0.041965593,0.0847223,0.1170051
0.37483603,0.1967669,0.23627752,0.029531594,0.07685063,0.08573727
0.42131272,0.31950238,0.12993026,0.018055122,0.046117518,0.06508199
0.32301825,0.3171916,0.18127698,0.024450283,0.067966476,0.0860964
0.3470281,0.19347821,0.2793526,0.025942314,0.063832134,0.09036668
0.39895058,0.219762,0.1591165,0.035190966,0.0861834,0.1007965
0.41082317,0.20999423,0.15866512,0.03328365,0.08663972,0.10059409
0.38205373,0.24612227,0.16485436,0.03192282,0.082054734,0.09299204
0.43755597,0.34956747,0.10196917,0.014853246,0.04069964,0.05535454
0.3735868,0.19746014,0.19048741,0.039358184,0.08487885,0.11422858
0.37274605,0.23910071,0.18196571,0.033182915,0.07466397,0.09834067
0.36102325,0.2177652,0.17277372,0.04381595,0.094320595,0.11030132
0.37211478,0.24930552,0.16382521,0.03529628,0.08224049,0.09721775
0.41975877,0.19700384,0.16395351,0.035732027,0.08238441,0.101167455
0.3740347,0.23108763,0.17109756,0.03628433,0.07804871,0.109447084
0.3232312,0.27523872,0.2233876,0.025774783,0.073361754,0.07900594
0.34088653,0.24418056,0.20419157,0.034969922,0.07757904,0.09819235
0.40117353,0.22178155,0.16712947,0.03567539,0.07510637,0.09913376
0.38377354,0.27363804,0.16639996,0.02592105,0.063608065,0.08665935
0.35586512,0.2465657,0.17622101,0.033090904,0.08361088,0.104646385
0.35414153,0.20225579,0.22910023,0.0311209,0.08144113,0.10194041
0.35572946,0.20351514,0.24711645,0.030927403,0.06526645,0.09744504
0.30493742,0.23841313,0.25362056,0.03420041,0.06556525,0.10326329
0.4702585,0.31598127,0.1095399,0.015452677,0.04201544,0.046752207
0.43966493,0.21741265,0.17979065,0.025103008,0.06711769,0.070911154
0.39477703,0.23791677,0.18999758,0.025437076,0.073118,0.078753516
0.36727205,0.19111566,0.20429271,0.041813284,0.0887665,0.10673984
0.32434285,0.28409266,0.21981212,0.026234133,0.074897304,0.07062091
0.36892262,0.23320377,0.18163063,0.036988087,0.08243633,0.09681862
0.3300764,0.29020047,0.19949678,0.027204957,0.07399042,0.07903092
0.41233993,0.20042515,0.18670215,0.03206472,0.08187611,0.08659193
0.39159584,0.23022294,0.18263094,0.033521455,0.082450144,0.07957866
0.37349188,0.19408357,0.2101464,0.03371167,0.09161006,0.0969564
0.31078863,0.2712598,0.21062312,0.03287973,0.08068135,0.093767375
0.3866955,0.20588842,0.1863861,0.033253174,0.08886972,0.09890717
0.32162336,0.34060004,0.24254188,0.013930857,0.03933358,0.041970283
0.29013538,0.32384765,0.19591345,0.028659321,0.070716545,0.09072773
0.31503272,0.3236063,0.1715464,0.026462764,0.0861824,0.07716939
0.2520891,0.29471347,0.21608067,0.0414669,0.091035746,0.10461408
0.37881905,0.26778144,0.15845743,0.029601624,0.07232526,0.09301522
0.46576023,0.22974911,0.14254811,0.022457004,0.06341786,0.07606767
0.39468238,0.27525976,0.17615214,0.024781393,0.058293376,0.07083094
0.3030931,0.39359307,0.1844167,0.018078055,0.05310353,0.04771557
0.33715352,0.34791315,0.22297086,0.01286297,0.039953627,0.039145924
0.3823947,0.25895387,0.1921215,0.025956247,0.06615032,0.07442333
0.44502586,0.25743937,0.14717536,0.020741701,0.054787427,0.07483025
0.36000574,0.2467244,0.2033672,0.02772032,0.068060145,0.09412225
0.27620557,0.3242842,0.21563923,0.026244748,0.06269994,0.0949263
0.35223362,0.20012526,0.22828345,0.033680674,0.08164286,0.10403417
0.32154822,0.16950037,0.30727878,0.032386914,0.07015217,0.099133596
0.35487533,0.18371196,0.28789127,0.025549244,0.06184716,0.08612506
0.3973528,0.20075035,0.19253156,0.03338542,0.07370708,0.10227279
0.28629535,0.31978098,0.24561727,0.022513289,0.048129342,0.077663764
0.3161199,0.21696621,0.25854212,0.034592487,0.06910557,0.104673624
0.33819035,0.30275658,0.18023829,0.025431965,0.062272497,0.0911103
0.30926338,0.25337833,0.23742573,0.034442376,0.06608096,0.09940919
0.3111708,0.20786473,0.25496513,0.037635773,0.077752486,0.110611126
0.2969388,0.18869127,0.3230979,0.03449996,0.06554416,0.09122789
0.32816735,0.22735178,0.26252452,0.028224455,0.058661267,0.09507054
0.23220842,0.30725098,0.27736402,0.030404786,0.077275686,0.075496145
0.29869145,0.26567605,0.26833978,0.023623776,0.060348254,0.08332065
0.23416594,0.2555471,0.26184157,0.04012362,0.11011279,0.09820901
0.3019424,0.3045954,0.20487821,0.02789845,0.075469814,0.08521567
0.26909372,0.32108966,0.21597892,0.027676132,0.08652553,0.079636104
0.37761042,0.39675575,0.13149482,0.013805275,0.037608072,0.042725667
0.3889743,0.3496195,0.1605975,0.013550985,0.039842453,0.047415253
0.29038918,0.22795166,0.2770958,0.031912133,0.07891527,0.09373601
0.30506906,0.22480005,0.20302103,0.043756925,0.11402625,0.1093267
0.36829135,0.24403262,0.1901035,0.035062134,0.08376803,0.078742355
0.3763794,0.23911262,0.18867594,0.034115918,0.07720519,0.08451096
0.3470695,0.33045447,0.20954435,0.017600598,0.045284122,0.05004698
0.34538555,0.39092147,0.15660253,0.016422747,0.04476317,0.045904532
0.3008056,0.40715477,0.19848992,0.013779587,0.038526125,0.04124402
0.2852157,0.34430045,0.18080486,0.028443953,0.072930425,0.08830463
0.46939176,0.2574609,0.14725639,0.017514192,0.043485,0.06489177
0.43466336,0.2540913,0.1496751,0.023443928,0.05829459,0.079831704
0.36136046,0.26049578,0.14556137,0.0410195,0.084551625,0.10701126
0.43238696,0.2600317,0.16686793,0.020572249,0.04829259,0.07184862
0.46242547,0.27724412,0.12562919,0.01939337,0.047040213,0.06826761
0.36716795,0.25722218,0.17120086,0.031200567,0.07061221,0.102596216
0.3439613,0.24974,0.18275534,0.038200106,0.07827471,0.107068576
0.44154334,0.26282528,0.14286406,0.02205043,0.053846166,0.076870725
0.42342415,0.27072513,0.12187151,0.027915757,0.06522453,0.09083896
0.40143588,0.24861939,0.15117906,0.031580836,0.07212417,0.095060684
0.3839331,0.26414812,0.15273045,0.030130265,0.07123675,0.097821355
0.3758413,0.25831074,0.14453773,0.039405826,0.08132228,0.10058209
0.40253976,0.2775132,0.15064609,0.027067307,0.062171366,0.08006221
0.3845583,0.22391099,0.16476643,0.040438868,0.076257445,0.110067934
0.30609596,0.22001927,0.24696255,0.043288857,0.07728567,0.106347725
0.3734638,0.2769596,0.1447391,0.03261087,0.075762324,0.096464306
0.3780843,0.2581708,0.1497198,0.039541148,0.07564607,0.09883788
0.3605399,0.278653,0.14398704,0.03974165,0.07716301,0.099915504
0.37252045,0.24375333,0.15460867,0.042712532,0.078948215,0.107456766
0.3836953,0.21687332,0.17101188,0.04460257,0.08236405,0.10145293
0.38215765,0.2505642,0.13547555,0.03336321,0.10596627,0.09247312
0.4330245,0.2523498,0.12191966,0.032176144,0.06904127,0.0914887
0.3902642,0.25139523,0.15275198,0.037017655,0.078733906,0.08983711
0.39203593,0.25352505,0.12747715,0.04210828,0.0865275,0.09832611
0.36983606,0.26513994,0.14971127,0.041644935,0.07394934,0.099718414
0.374741,0.26449767,0.12961133,0.039116643,0.082849205,0.10918411
0.31808072,0.30754492,0.17045517,0.027801005,0.08096501,0.095153175
0.2388625,0.59427947,0.09478995,0.01017213,0.025102772,0.036793202
0.33214054,0.3775729,0.13414273,0.022116877,0.05866822,0.07535874
0.37828305,0.28521395,0.17038698,0.02375282,0.058628373,0.08373482
0.34924245,0.2820368,0.17671153,0.030116953,0.06929006,0.092602156
0.2639268,0.39321026,0.15835443,0.027419407,0.06725336,0.08983573
0.32521656,0.3850425,0.1357578,0.0211995,0.05493597,0.07784773
0.27927977,0.29886216,0.17879058,0.044000395,0.0818193,0.11724782
0.29427296,0.47754604,0.10169176,0.017643102,0.046486348,0.062359795
0.29828042,0.48900965,0.13062799,0.012094491,0.033003297,0.036984157
0.3761748,0.37577325,0.11903332,0.017351337,0.04732031,0.064347
0.34055427,0.5334467,0.05976575,0.009438088,0.027138405,0.029656745
0.43288493,0.42073423,0.07320894,0.012171716,0.027797064,0.03320313
0.2634419,0.42897528,0.12800677,0.025601093,0.06126739,0.09270758
0.31772903,0.37172514,0.16088419,0.021656806,0.050248243,0.07775658
0.23699594,0.3660134,0.19486368,0.029262086,0.06706531,0.10579954
0.2707504,0.27620643,0.18879479,0.03469849,0.11939918,0.11015065
0.4227715,0.28433838,0.14944041,0.020605896,0.048708525,0.07413525
0.3494302,0.41486818,0.11212924,0.016513364,0.04387172,0.06318729
0.32723358,0.5419673,0.06650912,0.009567895,0.0233868,0.031335317
0.43041998,0.3520923,0.10229882,0.017482804,0.041096617,0.056609463
0.47970405,0.24533828,0.15940914,0.017656036,0.03854892,0.059343543
0.33972475,0.2869223,0.15374534,0.04262987,0.07781307,0.09916462
0.33996832,0.49452314,0.09428475,0.011073782,0.025344694,0.03480534
0.4863996,0.28330007,0.10762785,0.01724083,0.040394552,0.06503711
0.40441558,0.29512855,0.14290133,0.021618504,0.056117952,0.07981812
0.42494065,0.2849926,0.14150606,0.020556502,0.05151426,0.07648998
0.3823909,0.27999747,0.1942676,0.019194953,0.04994245,0.07420666
0.35577297,0.3606736,0.14656284,0.019158466,0.044870995,0.07296107
0.4873176,0.25827754,0.137906,0.01729046,0.037620474,0.061587937
0.3791019,0.47839874,0.074379794,0.010303228,0.023325203,0.034491155
0.28158173,0.43983734,0.13100041,0.020565,0.053130165,0.07388545
0.21181321,0.43845096,0.15979841,0.02586607,0.07585168,0.08821963
0.30751538,0.21119788,0.3395069,0.021220382,0.042885665,0.077673785
0.39883792,0.27947837,0.14416143,0.022892244,0.074881,0.07974897
0.26215187,0.33186707,0.17724678,0.039959624,0.08391661,0.10485805
0.46445432,0.27056915,0.13978219,0.018340075,0.04460998,0.0622443
0.2878639,0.36164075,0.16168107,0.027638957,0.06988107,0.0912942
0.43276522,0.20220262,0.14346522,0.036867097,0.0767254,0.10797442
0.5276,0.24728835,0.10686737,0.017032444,0.039883543,0.061328337
0.41458234,0.21290018,0.14437968,0.03738589,0.07386276,0.116889134
0.46595937,0.1812442,0.13583644,0.03585197,0.070249274,0.11085878
0.39557832,0.2895578,0.14321792,0.025343046,0.05592069,0.0903822
0.43761966,0.22974226,0.1390746,0.02903072,0.061705016,0.10282777
0.48247385,0.18119693,0.12126322,0.034216106,0.075089544,0.10576045
0.4980253,0.17061555,0.12353231,0.03296192,0.07054395,0.104320936
0.56136686,0.28923833,0.077620566,0.010787445,0.025879556,0.03510722
0.47032946,0.17941114,0.13070002,0.03490282,0.07386695,0.11078961
0.3705746,0.29625696,0.12709673,0.03164681,0.06689756,0.10752732
0.447663,0.20187338,0.16775651,0.026369687,0.05623528,0.10010214
0.42184,0.2223003,0.15642147,0.030176645,0.06365326,0.105608314
0.39536497,0.21597086,0.15805022,0.03801077,0.07678032,0.115822904
0.38061306,0.22291684,0.15506119,0.03930989,0.08094856,0.12115043
0.4099379,0.21909325,0.14347482,0.037985504,0.075507134,0.114001386
0.39839152,0.18622869,0.14745516,0.047417916,0.09321367,0.12729311
0.35385522,0.20100224,0.16138953,0.050467208,0.09727542,0.13601047
0.37781876,0.2315146,0.15016107,0.03953905,0.0778536,0.1231129
0.39848852,0.21053314,0.15154834,0.039591894,0.08004915,0.1197889
0.4036143,0.20206398,0.16035107,0.03773779,0.076116085,0.12011677
0.4278634,0.20005234,0.13879618,0.03767542,0.07960696,0.11600575
0.4838493,0.17238954,0.123863,0.035820995,0.07324091,0.11083628
0.34053972,0.36138898,0.12726592,0.024531515,0.058323503,0.087950364
0.362166,0.195857,0.17031953,0.045713056,0.08202355,0.14392082
0.3947401,0.23078604,0.14409536,0.038196415,0.07498758,0.11719455
0.44194362,0.21231827,0.1245124,0.03776156,0.07609623,0.10736791
0.39232796,0.22178727,0.16043529,0.039453745,0.07622295,0.10977276
0.4310793,0.39534158,0.08735945,0.01359106,0.03186211,0.040766504
0.31201306,0.21831259,0.174055,0.05907023,0.09530692,0.1412423
0.44598213,0.26485962,0.12442373,0.023601018,0.055091318,0.086042196
0.36455148,0.29076806,0.14582688,0.032756902,0.06923395,0.09686274
0.3438555,0.31862774,0.14434512,0.030107915,0.063293464,0.09977025
0.4060663,0.20578554,0.14504007,0.04055872,0.08284706,0.11970233
0.32652152,0.20188099,0.15500692,0.06209048,0.107582614,0.14691752
0.43837088,0.2519546,0.12683122,0.028041683,0.059180073,0.09562155
0.35701415,0.24282649,0.16249074,0.03965241,0.08135279,0.11666345
0.47146097,0.18142228,0.13976534,0.033343248,0.07022701,0.103781134
0.38780496,0.24469864,0.15592064,0.033098247,0.06758489,0.110892616
0.4509694,0.27217454,0.12308431,0.0228367,0.04990021,0.08103485
0.35735685,0.2744946,0.15822123,0.034521803,0.06619202,0.109213494
0.38819164,0.23656568,0.15804373,0.0350032,0.07068038,0.11151543
0.37456352,0.28083673,0.13376617,0.034061015,0.06745399,0.1093186
0.33526617,0.23922879,0.18484117,0.04125281,0.07604986,0.12336123
0.37238225,0.3177324,0.12404355,0.029592065,0.06162115,0.094628565
0.40806496,0.2206324,0.13460852,0.038222376,0.081993215,0.11647854
0.36536306,0.27768314,0.17238937,0.034604266,0.055854544,0.094105646
0.44308951,0.20409793,0.13490842,0.037627257,0.07292874,0.107348114
0.41463107,0.22602853,0.1405398,0.037610393,0.07221205,0.108978145
0.41032243,0.38352808,0.121818125,0.013268134,0.030646939,0.040416315
0.4095345,0.22301628,0.14581843,0.03987485,0.07185803,0.1098978
0.34921277,0.25403586,0.17271343,0.04085819,0.06899424,0.114185505
0.3491651,0.24726322,0.18779236,0.03478219,0.06627319,0.114723936
0.44035786,0.23584443,0.15130341,0.02485592,0.056128804,0.09150954
0.31256157,0.23469335,0.22172727,0.0386492,0.07774225,0.11462638
0.26994276,0.3116212,0.17622901,0.039630607,0.07976763,0.12280877
0.392048,0.21495245,0.15612733,0.035192356,0.0824308,0.119249076
0.34108967,0.28389066,0.14620239,0.03713624,0.07611214,0.115568876
0.4183884,0.2111115,0.14114872,0.038100686,0.07887166,0.11237906
0.39797676,0.23452684,0.14613183,0.036747996,0.07706109,0.10755551
0.38296658,0.255905,0.1411085,0.035644904,0.07546313,0.1089119
0.4719514,0.24405411,0.11422141,0.024973992,0.0589531,0.08584603
0.3251101,0.30909738,0.15385135,0.035819963,0.06959653,0.10652465
0.33656737,0.2917392,0.15520686,0.03492666,0.06770954,0.11385033
0.30439675,0.34148678,0.1347931,0.03452617,0.073334746,0.111462474
0.40832266,0.29024023,0.11872245,0.028519409,0.06059908,0.093596205
0.346228,0.3270762,0.13644364,0.029998437,0.06431398,0.09593975
0.40161532,0.26770434,0.12780145,0.033015754,0.0730796,0.096783474
0.32951894,0.2678434,0.1674338,0.0400322,0.072937004,0.122234635
0.3751471,0.23866865,0.15527897,0.03568363,0.077559374,0.11766236
0.46893507,0.3352569,0.11667439,0.01207044,0.024682874,0.042380314
0.370564,0.2371488,0.16041823,0.039293934,0.07366201,0.11891307
0.44879562,0.19260289,0.14125632,0.033142805,0.07336502,0.11083734
0.5024342,0.20432949,0.12761512,0.025152527,0.05470971,0.085759014
0.3529869,0.24360915,0.18604621,0.037137557,0.06609749,0.11412269
0.3749167,0.26877856,0.1521514,0.03148436,0.063984245,0.10868466
0.4222116,0.20717397,0.14399293,0.03718524,0.07886187,0.110574484
0.36667815,0.2156346,0.15474078,0.045707382,0.08675394,0.13048513
0.4044792,0.39817664,0.10214489,0.015275618,0.03446034,0.04546333
0.3568115,0.43356204,0.1126843,0.015579842,0.034571446,0.046790883
0.30453116,0.4227684,0.15825982,0.018134695,0.040637795,0.055668097
0.3616071,0.28982085,0.1400104,0.033396397,0.06803425,0.107130975
0.35397035,0.28700617,0.1599992,0.028812367,0.06146355,0.10874835
0.2885887,0.38070092,0.22822507,0.014010785,0.034202956,0.05427155
0.30090123,0.1740121,0.2901278,0.039906885,0.071513936,0.12353806
0.25959325,0.34198955,0.23799054,0.030202802,0.05191424,0.078309625
0.3286142,0.38030183,0.15094084,0.020830832,0.047746547,0.07156575
0.21828501,0.4191671,0.16008079,0.031480856,0.09203882,0.07894738
0.37368506,0.4740064,0.08132588,0.010404382,0.02515895,0.03541934
0.42199478,0.3941766,0.095388025,0.01375914,0.029870287,0.044811137
0.33598757,0.44679365,0.116681725,0.015471362,0.035400454,0.049665246
0.4257046,0.3064322,0.11064708,0.023837335,0.052616097,0.08076269
0.398197,0.3837844,0.11940445,0.0155387055,0.033839926,0.04923552
0.39358088,0.4040544,0.0971309,0.015269546,0.03529755,0.054666765
0.38755733,0.37141714,0.12826116,0.019557435,0.038862,0.054344945
0.35327265,0.41353962,0.12912948,0.01528991,0.036979903,0.051788423
0.39289188,0.361149,0.12816575,0.019492334,0.0394769,0.05882413
0.44286987,0.36060998,0.09972893,0.0147548765,0.03479374,0.047242634
0.41465327,0.37679425,0.10466111,0.016523518,0.03776606,0.04960183
0.3563796,0.4104644,0.12837861,0.016158571,0.035875846,0.052742995
0.36946493,0.4217915,0.11751821,0.0139490375,0.031683087,0.04559323
0.40879673,0.41652095,0.092786305,0.012588336,0.029299837,0.040007822
0.3538268,0.44961247,0.10756204,0.013322551,0.032700397,0.04297571
0.3538974,0.4020415,0.12518075,0.02023162,0.043445367,0.0552034
0.3418356,0.40121153,0.14299549,0.018635217,0.03919455,0.056127675
0.31529936,0.39572507,0.15747264,0.022213195,0.04418577,0.06510398
0.36154434,0.3486541,0.16730107,0.020263672,0.041251983,0.060984783
0.3894034,0.36422652,0.14200181,0.01664435,0.034023527,0.053700417
0.4412452,0.3436242,0.12685218,0.013809175,0.029124437,0.04534484
0.31782603,0.34832922,0.15907115,0.029070195,0.05158609,0.09411731
0.23109496,0.39973766,0.27812064,0.01534748,0.032664277,0.043034974
0.5205519,0.20539019,0.14245339,0.01889266,0.048840106,0.0638717
0.5355088,0.2203458,0.13341701,0.016839858,0.041530207,0.052358307
0.4197992,0.2530338,0.15035562,0.032288954,0.066744216,0.07777823
0.4781612,0.23555171,0.13612413,0.025575344,0.054387473,0.07020013
0.3781955,0.20991045,0.16035792,0.0469347,0.09214217,0.11245925
0.40929696,0.41582933,0.087753676,0.012830874,0.033264503,0.041024696
0.5255157,0.2441966,0.10923745,0.017499037,0.046104945,0.05744629
0.4196527,0.21376225,0.15877724,0.035347898,0.07412968,0.09833026
0.51043934,0.21431834,0.1301336,0.020486996,0.055782672,0.06883907
0.39644122,0.41187325,0.10824227,0.012894187,0.030890357,0.039658763
0.5041081,0.23339131,0.13413164,0.019242266,0.04531505,0.06381163
0.40629545,0.2524881,0.14361204,0.03221706,0.06959598,0.0957914
0.41575474,0.2487479,0.15362884,0.02958256,0.062268537,0.090017445
0.508671,0.22144909,0.13031197,0.021110239,0.048903257,0.069554485
0.37702084,0.234155,0.18038985,0.035873897,0.0772759,0.09528448
0.4610424,0.22705053,0.1415991,0.024130313,0.06262036,0.083557285
0.53231883,0.1928752,0.124267906,0.020794712,0.05701642,0.07272689
0.42294386,0.22226867,0.1944839,0.024291985,0.05638315,0.079628386
0.38454473,0.23445946,0.17921685,0.034358665,0.07437528,0.093044996
0.3734543,0.28819844,0.16633938,0.025300503,0.06439936,0.082308
0.29734716,0.2622131,0.15885277,0.06348432,0.10456506,0.113537565
0.21981892,0.34878913,0.20604333,0.041268982,0.07192626,0.11215338
0.30969533,0.31448412,0.16890664,0.036225863,0.070538014,0.10015001
0.22530559,0.35066736,0.1839596,0.04890343,0.083228536,0.10793552
0.29018313,0.3724931,0.15828489,0.031661235,0.060394753,0.0869829
0.32126525,0.24050218,0.15164274,0.046899926,0.12540515,0.11428472
0.25780112,0.36769238,0.15835977,0.036509614,0.075244054,0.10439305
0.23824678,0.31897748,0.23806971,0.032018445,0.06987541,0.102812186
0.2835129,0.33555764,0.16876398,0.031589508,0.07355653,0.107019424
0.25641236,0.29410088,0.19980754,0.038929284,0.0973206,0.113429345
0.3017246,0.29096907,0.1577115,0.03591844,0.098110214,0.115566105
0.2528239,0.3048012,0.20749637,0.040677443,0.0939501,0.100251004
0.31606963,0.22507307,0.2677368,0.03754081,0.06302321,0.09055645
0.2639691,0.22859356,0.29165184,0.04142241,0.071818545,0.10254456
0.39292058,0.20958273,0.254383,0.022752758,0.049698696,0.07066227
0.4896757,0.19542313,0.16645582,0.023526644,0.05562967,0.06928909
0.39244208,0.18344904,0.22429806,0.0322952,0.07769561,0.08981999
0.30567595,0.20988841,0.30003223,0.030120272,0.06322186,0.09106131
0.27732465,0.21154264,0.33829644,0.030072255,0.055448655,0.08731534
0.32821918,0.25294045,0.27108097,0.022534687,0.051230542,0.07399419
0.29637378,0.21681546,0.2881555,0.031252995,0.07128434,0.09611796
0.2712083,0.34858742,0.18283795,0.03304911,0.065797485,0.09851978
0.43975157,0.21077047,0.14826411,0.028092006,0.09016162,0.08296024
0.27463228,0.228229,0.21617088,0.039997038,0.13007993,0.11089087
0.37349758,0.20332864,0.19863395,0.03673903,0.07521067,0.11259016
0.42410678,0.17022331,0.1842382,0.036580138,0.078664094,0.10618743
0.40937158,0.20153596,0.1741718,0.036470566,0.07528826,0.1031618
0.41409346,0.18341544,0.20474066,0.037582893,0.06620868,0.09395887
0.3773314,0.20561965,0.20357403,0.04031111,0.075574495,0.09758931
0.37750712,0.19949159,0.21368524,0.036585316,0.07113002,0.10160072
0.4093427,0.20106274,0.19119214,0.033130914,0.068458945,0.096812636
0.4023065,0.19249761,0.19999227,0.034272075,0.06784077,0.10309079
0.42234692,0.18532091,0.18251586,0.033213273,0.08076201,0.095841035
0.40393865,0.19790258,0.17856282,0.037980117,0.08212962,0.09948617
0.40726775,0.20570478,0.1839967,0.033257104,0.07212849,0.09764524
0.36058736,0.20006253,0.21513525,0.036810346,0.07526525,0.11213931
0.4178682,0.17824131,0.19471644,0.03659748,0.07237457,0.100202054
0.25380152,0.3934182,0.15603644,0.029809881,0.07759569,0.08933826
0.21243721,0.23987076,0.24074298,0.06664744,0.11073783,0.12956384
0.24621412,0.2528696,0.21257567,0.055614244,0.11581065,0.11691573
0.35532093,0.28418845,0.17223988,0.033240356,0.06503385,0.089976504
0.22685005,0.320278,0.20793115,0.046556197,0.08463404,0.113750584
0.26395142,0.30665082,0.20675023,0.037972853,0.07523788,0.10943682
0.2393374,0.27685353,0.2110776,0.049477644,0.0971067,0.12614712
0.23637345,0.26892698,0.1979914,0.05629781,0.12751365,0.11289671
0.2360124,0.2742538,0.24764122,0.04803728,0.08222159,0.11183374
0.26152012,0.2632923,0.19898006,0.053747676,0.10923473,0.113225095
0.2508901,0.25426018,0.22426519,0.053254873,0.095377184,0.121952504
0.26004377,0.19931066,0.19414535,0.055247974,0.16212621,0.12912607
0.25886738,0.28721324,0.20190746,0.0409275,0.101509586,0.109574854
0.21089472,0.21978183,0.2699894,0.0503169,0.11740279,0.1316144
0.21977834,0.20485559,0.21966003,0.06583192,0.16161779,0.12825629
0.22658604,0.21080647,0.223148,0.061861277,0.15761203,0.11998612
0.2565447,0.34607348,0.25999105,0.025574356,0.04813929,0.06367709
0.44125706,0.35260582,0.12946896,0.010549294,0.026071839,0.040046997
0.37785065,0.25035703,0.22078581,0.019802235,0.04622887,0.08497542
0.34918663,0.4185101,0.13394469,0.014323769,0.035284616,0.04875022
0.3453658,0.22798929,0.25149179,0.026272196,0.053249855,0.09563105
0.38327548,0.2704837,0.2067256,0.019104686,0.042484835,0.07792575
0.4747431,0.21116802,0.15696843,0.020411424,0.050903108,0.08580585
0.39793742,0.18319334,0.1833466,0.03442464,0.07240892,0.12868911
0.34844047,0.26857966,0.19272286,0.026183806,0.075246826,0.08882642
0.397475,0.22574422,0.15412663,0.032796014,0.07614801,0.11371021
0.517911,0.20418084,0.120367765,0.021247119,0.04975307,0.08654022
0.45624852,0.20271355,0.12697104,0.03297014,0.07326174,0.10783499
0.440359,0.22860017,0.12710518,0.033132046,0.07154859,0.09925499
0.40296745,0.27559185,0.15525411,0.022669604,0.06223681,0.0812802
0.41313443,0.25989604,0.14200874,0.026768444,0.05896098,0.09923142
0.45607466,0.25033745,0.11428453,0.02822128,0.06960347,0.08147862
0.40382436,0.2576207,0.17804646,0.021903528,0.057352375,0.08125258
0.27761528,0.51044506,0.12486123,0.011560612,0.031486534,0.044031348
0.3489401,0.48251888,0.10143144,0.008833655,0.024263063,0.034012895
0.29926553,0.31247592,0.17283636,0.03006883,0.08193055,0.103422746
0.28701833,0.30823144,0.1567074,0.04054895,0.093022354,0.11447149
0.31079856,0.5158785,0.10476458,0.009020904,0.024021052,0.035516385
0.27555367,0.44305113,0.16721912,0.014461594,0.035337847,0.064376615
0.38430652,0.32485473,0.15304075,0.017658569,0.04191281,0.07822673
0.39995992,0.3950358,0.10890855,0.011770573,0.03210322,0.052221954
0.38138723,0.29010385,0.14641811,0.022845548,0.06378243,0.095462814
0.45515648,0.31797403,0.12216482,0.01337675,0.036710765,0.054617137
0.5143804,0.24241337,0.13525054,0.013841077,0.036138806,0.057975776
0.2726625,0.5410992,0.1093781,0.01040523,0.027130196,0.03932478
0.38567346,0.47348276,0.07746668,0.008622538,0.022641195,0.032113377
0.52877414,0.22376463,0.13704966,0.014951451,0.038593255,0.056866877
0.40439326,0.30044755,0.15774666,0.019825052,0.05099361,0.06659389
0.35065168,0.2141824,0.24446136,0.026650732,0.06880067,0.095253184
0.39451495,0.39778963,0.11781544,0.012382118,0.035875186,0.04162262
0.34971213,0.24364215,0.16690567,0.03561445,0.0916046,0.11252098
0.385341,0.44288597,0.096866995,0.010506442,0.027352914,0.037046716
0.47252008,0.2615609,0.12982076,0.018127311,0.051841814,0.06612916
0.34494358,0.23986927,0.15104915,0.04146209,0.10259587,0.12007997
0.3220274,0.39938766,0.12377024,0.021603255,0.05583255,0.0773789
0.35397923,0.4126451,0.13964644,0.014072879,0.03279105,0.046865337
0.42198178,0.41473326,0.07159089,0.014345846,0.03525361,0.042094585
0.39551112,0.2733511,0.12864505,0.031648815,0.074956514,0.09588741
0.39226025,0.44333884,0.0872049,0.0114350375,0.027768066,0.03799289
0.32494926,0.20258161,0.13379441,0.052624017,0.16865775,0.1173929
0.42920926,0.20248531,0.12795818,0.033284143,0.11876449,0.08829864
0.2869297,0.28704482,0.15383667,0.040379897,0.12822562,0.103583336
0.30664456,0.27122307,0.21452166,0.027647987,0.07250491,0.10745779
0.40362236,0.21943752,0.20939355,0.02173498,0.054631565,0.091180034
0.29729843,0.23901334,0.2651895,0.02642879,0.059993602,0.11207631
0.4438891,0.24115339,0.13742633,0.023080735,0.06433252,0.09011786
0.3013049,0.3516724,0.20793256,0.018666897,0.041252684,0.07917048
0.37875554,0.2487275,0.21123712,0.025491757,0.049246624,0.086541444
0.25359243,0.2725677,0.24209166,0.0387174,0.07726668,0.11576416
0.22668338,0.2571524,0.34596124,0.024091743,0.049910486,0.09620076
0.41639706,0.21371938,0.1731763,0.027178625,0.06655824,0.102970354
0.38598582,0.19953117,0.19304697,0.029790834,0.07423426,0.11741101
0.46089515,0.19935608,0.13651755,0.02692081,0.070425995,0.10588435
0.51659524,0.20917815,0.104937024,0.020781359,0.057993893,0.09051438
0.4361979,0.20482266,0.19178863,0.022172526,0.057381436,0.08763687
0.39164057,0.21782655,0.1813079,0.028046368,0.073028035,0.10815056
0.2850144,0.19121185,0.21617201,0.044702508,0.115099266,0.14779998
0.33081007,0.2506392,0.18240073,0.0316336,0.07543985,0.12907656
0.2878994,0.3719364,0.16831873,0.021383176,0.059796326,0.09066596
0.2718709,0.18430471,0.2890687,0.036368486,0.07990109,0.1384861
0.29808262,0.19518647,0.3179462,0.024751462,0.061139554,0.102893665
0.322294,0.4698705,0.11795809,0.011818426,0.032997984,0.045060996
0.25458258,0.35865387,0.2218656,0.01929426,0.057229273,0.0883744
0.2440496,0.21247232,0.19406155,0.048321888,0.17249075,0.12860389
0.4133237,0.17328736,0.17582813,0.029615013,0.10450135,0.10344447
0.29570362,0.20732391,0.18288624,0.03851966,0.15140061,0.12416599
0.27457413,0.2171666,0.173724,0.04405287,0.1684289,0.12205353
0.27175382,0.2053198,0.17444254,0.046941448,0.17492834,0.12661408
0.26341692,0.2069236,0.19617002,0.047701027,0.1630116,0.12277679
0.23852845,0.20751733,0.1837766,0.054450653,0.18839729,0.12732969
0.25188482,0.19603953,0.1930852,0.046535544,0.18501636,0.12743855
0.32728007,0.27378562,0.22367239,0.021768726,0.0531218,0.100371405
0.2627422,0.20962338,0.3124466,0.030642826,0.0638978,0.12064718
0.27433282,0.27762488,0.26209697,0.022773009,0.051071495,0.112100884
0.3378703,0.20826213,0.23399754,0.028456433,0.06722436,0.1241893
0.32090402,0.26408806,0.2722617,0.017608069,0.041788705,0.08334941
0.474056,0.18957527,0.20205034,0.015955852,0.04127934,0.07708313
0.27217272,0.21899082,0.29538175,0.028002204,0.06002139,0.12543114
0.4205433,0.18033804,0.2022467,0.023103388,0.063476145,0.11029243
0.30415016,0.3178369,0.19062047,0.037544005,0.07727441,0.072574005
0.42069694,0.24704364,0.12212095,0.044291124,0.07844913,0.087398216
0.416808,0.2419788,0.13579011,0.043682337,0.07258519,0.089155525
0.41799033,0.24821311,0.12359915,0.044343032,0.07835726,0.087497085
0.40319,0.265318,0.12666723,0.042417467,0.07967825,0.082729116
0.42692986,0.23754033,0.13225421,0.03965857,0.076840326,0.086776726
0.42939577,0.2381291,0.12401826,0.042192485,0.08002926,0.08623509
0.42602482,0.20593344,0.13020083,0.052887112,0.08881968,0.09613418
0.44995883,0.23676482,0.119325705,0.03991653,0.073231265,0.08080286
0.28761947,0.31128228,0.15134893,0.050944958,0.08744208,0.11136226
0.25154063,0.2787632,0.16141945,0.060600642,0.14343524,0.104240835
0.27697423,0.33028495,0.15536617,0.046021063,0.08687216,0.10448146
0.36155298,0.3143326,0.14042053,0.03668848,0.07352362,0.07348177
0.34350047,0.30881804,0.14294745,0.040493965,0.07289199,0.09134802
0.35569578,0.29315937,0.1435129,0.041003395,0.07819938,0.08842915
0.32310262,0.30481058,0.15741466,0.041160394,0.08231461,0.09119709
0.24431825,0.26795924,0.24082202,0.048260275,0.09612627,0.10251394
0.2287761,0.23827659,0.2634216,0.051960215,0.1148804,0.10268505
0.2527574,0.21943288,0.3003475,0.048167728,0.08304322,0.096251264
0.3360671,0.28362325,0.12708059,0.046102196,0.11553532,0.091591544
0.32973698,0.28748354,0.13667211,0.04439177,0.13132387,0.07039174
0.28136018,0.2881417,0.15694621,0.049627867,0.13986498,0.08405905
0.33267877,0.37858403,0.1669994,0.016413271,0.040671058,0.06465346
0.4918732,0.21550518,0.12694284,0.022796629,0.06103541,0.081846654
0.42012084,0.22420332,0.15688318,0.029760083,0.071296714,0.09773597
0.4033873,0.2283255,0.19996412,0.022978336,0.05659291,0.08875187
0.41140625,0.31138182,0.13114965,0.020322688,0.05469984,0.071039736
0.4265455,0.2326757,0.16550633,0.024681408,0.062309958,0.08828107
0.33047047,0.22743487,0.22079784,0.037630353,0.07959805,0.1040684
0.33214262,0.3171556,0.16136399,0.0274513,0.07146087,0.090425625
0.4821152,0.21487102,0.1428147,0.021337606,0.058848545,0.08001289
0.38328487,0.35930175,0.12681389,0.016583886,0.051350944,0.06266456
0.3639095,0.20825827,0.25749052,0.026958644,0.056469604,0.08691345
0.40995723,0.2599628,0.15323481,0.025124539,0.06593097,0.085789725
0.43026477,0.24052379,0.18234155,0.02059675,0.05076838,0.07550479
0.2773624,0.28128454,0.18920115,0.041310214,0.08381896,0.12702279
0.24828784,0.31979963,0.19202095,0.03915145,0.08760971,0.11313038
0.27385697,0.3573453,0.17543863,0.030866966,0.066417515,0.09607459
0.2975144,0.32597035,0.17181648,0.029407617,0.08108564,0.09420551
0.29879323,0.2956626,0.17699544,0.03446931,0.09330478,0.10077466
0.3175158,0.3675081,0.158447,0.021983301,0.0581934,0.07635237
0.2863638,0.47976375,0.114417695,0.016504267,0.048462395,0.0544881
0.21625583,0.31243753,0.20205772,0.042346817,0.12153149,0.10537064
0.3774249,0.27827895,0.16438586,0.02651238,0.06998052,0.0834174
0.26401687,0.28175312,0.15861851,0.04492509,0.12414405,0.12654234
0.32419974,0.35961822,0.1484084,0.021935606,0.06304748,0.08279049
0.31270057,0.3965699,0.14282043,0.019386267,0.051146165,0.07737669
0.28737393,0.31574684,0.18579602,0.029455598,0.07460441,0.107023194
0.28532997,0.29167694,0.20260593,0.031367652,0.080376424,0.10864307
0.31713706,0.28670517,0.19597584,0.0284823,0.07994359,0.09175603
0.2862007,0.3709056,0.16679785,0.022765277,0.0649209,0.08840961
0.29534593,0.33920342,0.17881736,0.027854174,0.06603351,0.09274556
0.33846855,0.20130956,0.27536917,0.028185524,0.055831198,0.10083607
0.22218412,0.20691893,0.33118165,0.042326868,0.071180135,0.12620829
0.32830024,0.50486666,0.08572278,0.012116844,0.030808005,0.038185515
0.40055013,0.25257802,0.15100221,0.027368052,0.07856309,0.089938425
0.36824924,0.29042026,0.13569112,0.030887287,0.07896454,0.09578751
0.28526264,0.35062367,0.16609867,0.030782584,0.077177085,0.09005532
0.2781424,0.41424787,0.13700038,0.02393394,0.07764706,0.069028355
0.2660765,0.35387516,0.14825258,0.036339395,0.09271094,0.10274544
0.30293408,0.34745353,0.14402932,0.02636128,0.082929194,0.09629264
0.35365492,0.25456703,0.12677725,0.035071418,0.1389834,0.09094599
0.344506,0.3328624,0.16511175,0.018572938,0.06769419,0.071252726
0.28926775,0.28632554,0.1924701,0.031408984,0.10492311,0.09560455
0.31596947,0.21788411,0.25315008,0.036088437,0.062192198,0.1147157
0.29431528,0.2914874,0.24111661,0.02759756,0.050837215,0.094645925
0.4508856,0.2097882,0.15774287,0.026613764,0.056325898,0.09864362
0.35504138,0.22749531,0.18386811,0.03685256,0.07317612,0.12356654
0.4396269,0.20935494,0.16330647,0.027960286,0.056625467,0.103125945
0.33289137,0.22785856,0.24195199,0.03275656,0.059023954,0.10551756
0.35665515,0.22807285,0.1758436,0.03647755,0.08102357,0.121927306
0.33278123,0.23082456,0.23834011,0.03310645,0.056759942,0.108187646
0.31010312,0.18658587,0.29921776,0.033780437,0.058116686,0.11219612
0.3385418,0.1866582,0.27563226,0.033956748,0.055641077,0.10956991
0.27666456,0.20764896,0.24114552,0.04080423,0.11008277,0.12365396
0.32108095,0.28648227,0.17718053,0.034529082,0.06583946,0.11488762
0.2637544,0.28405088,0.21726131,0.03769843,0.07146983,0.12576517
0.3341506,0.2088538,0.23291236,0.037611593,0.06871503,0.11775666
0.27791017,0.26816463,0.21929437,0.038358632,0.07612951,0.120142624
0.27564946,0.26777968,0.22714269,0.03879517,0.07096182,0.11967115
0.35156685,0.20981798,0.2110113,0.037955146,0.066455305,0.12319335
0.24171379,0.34789217,0.2091426,0.02990844,0.058358908,0.11298421
0.32331306,0.2148852,0.2639685,0.031603288,0.0561926,0.11003739
0.3431892,0.19484727,0.27735025,0.029158505,0.05195695,0.10349786
0.4124523,0.18684131,0.18664747,0.033531316,0.061887756,0.11863977
0.34914237,0.2211418,0.21532482,0.032644026,0.06556466,0.11618226
0.34466702,0.23009007,0.2372312,0.033448808,0.053350057,0.10121284
0.324805,0.22913212,0.2664672,0.029982999,0.052421153,0.09719149
0.3499911,0.2146047,0.27003938,0.027397633,0.048015438,0.08995168
0.29860342,0.30970067,0.25889534,0.022600904,0.039203588,0.07099606
0.31840083,0.23919594,0.27019522,0.029347755,0.04641954,0.0964407
0.33151367,0.33999252,0.20388268,0.020745754,0.03688148,0.066983916
0.31551716,0.31041783,0.22666386,0.024302566,0.041759253,0.08133935
0.28176236,0.2797663,0.25314426,0.030590197,0.051082697,0.10365416
0.3147181,0.30441752,0.22998971,0.027869046,0.04406979,0.07893583
0.4013507,0.23251736,0.1726413,0.02863392,0.061772205,0.103084505
0.40360853,0.23176187,0.1431021,0.032167584,0.07483286,0.11452711
0.3936579,0.24945454,0.169103,0.03018906,0.06327857,0.09431694
0.39015257,0.2423509,0.15312105,0.03165555,0.07168869,0.111031175
0.36619365,0.24222267,0.1719197,0.036476165,0.075388655,0.10779916
0.34862822,0.34402016,0.16812776,0.023543047,0.04791567,0.06776519
0.39540777,0.21609026,0.16728882,0.035563074,0.07439357,0.11125649
0.39641082,0.24224253,0.16818309,0.028678551,0.06298791,0.10149715
0.3580104,0.2380141,0.19012436,0.030417053,0.0731033,0.11033084
0.43796757,0.23608595,0.1674444,0.02176353,0.058786765,0.077951744
0.4514118,0.23404606,0.15602353,0.021074906,0.059257507,0.078186154
0.43134862,0.20868337,0.1845077,0.02241635,0.064164974,0.08887893
0.33054557,0.21361032,0.23200083,0.04361718,0.07048672,0.109739386
0.28742334,0.23401894,0.2221716,0.046340287,0.080696255,0.12934963
0.32653573,0.2360552,0.19662288,0.039151676,0.07862601,0.12300852
0.2695511,0.21201281,0.28404167,0.047172885,0.071649596,0.115571916
0.2930066,0.22684456,0.23854093,0.043343812,0.075745754,0.12251833
0.35275477,0.22037688,0.2128695,0.032892246,0.07067739,0.110429235
0.25761938,0.23232795,0.2788299,0.041743472,0.07292033,0.11655893
0.34786433,0.26379248,0.19715601,0.029334903,0.067319885,0.09453235
0.27763462,0.28219718,0.21492893,0.040207963,0.07884728,0.10618401
0.28343603,0.2918133,0.18323402,0.038408507,0.09295424,0.11015384
0.2500045,0.23121203,0.27542585,0.04533917,0.07410516,0.12391328
0.2755741,0.2540339,0.2352783,0.04330343,0.07550383,0.116306484
0.27599746,0.29057193,0.19353105,0.040771805,0.08061273,0.11851504
0.41849026,0.24134478,0.1628239,0.030305028,0.06068468,0.08635134
0.33472857,0.39151126,0.18374246,0.012992813,0.03196127,0.045063607
0.32987657,0.27061394,0.17942119,0.031968378,0.091288775,0.09683114
0.38951868,0.21998802,0.14937678,0.032287188,0.107959256,0.100870095
0.31518745,0.2183119,0.15773025,0.04581359,0.14370662,0.11925017
0.38721254,0.21721919,0.15344714,0.036136724,0.10829774,0.09768671
0.38196737,0.3261592,0.16086252,0.021413358,0.04378563,0.065811925
0.3593457,0.22798201,0.21798992,0.0360175,0.061852578,0.096812256
0.3313248,0.31946057,0.20768169,0.02495971,0.04899611,0.0675771
0.1963964,0.39209333,0.21307023,0.041739106,0.07678236,0.079918586
0.42455858,0.25611138,0.13429856,0.03351433,0.06744465,0.08407249
0.35758096,0.2356126,0.17513852,0.04769645,0.084896326,0.09907511
0.40877444,0.2467624,0.15164816,0.034917507,0.06989198,0.08800553
0.37421647,0.2212821,0.18194097,0.045470502,0.079012744,0.09807718
0.34206444,0.252279,0.15943919,0.051144477,0.09733256,0.09774032
0.3121669,0.26896283,0.15886313,0.05539543,0.10358067,0.10103101
0.2697907,0.31111836,0.19665721,0.048207533,0.08505945,0.08916675
0.42701635,0.32906377,0.12105946,0.021044288,0.042498663,0.059317484
0.296689,0.2416422,0.25568962,0.03931588,0.06523799,0.10142533
0.24215272,0.32992032,0.17863798,0.043569222,0.11216931,0.09355047
0.32228047,0.3020134,0.23385578,0.022773212,0.04644027,0.07263683
0.3135038,0.43232864,0.13760506,0.01869343,0.037956625,0.059912432
0.33398035,0.24050038,0.2120502,0.044218145,0.07036819,0.09888281
0.29345757,0.3303188,0.21938172,0.03142539,0.052585162,0.072831325
0.25925153,0.41620868,0.13699669,0.027722517,0.07027945,0.08954119
0.28001454,0.2737455,0.13605566,0.0420619,0.1482852,0.119837165
0.22101769,0.25524485,0.20112595,0.051759653,0.14919609,0.12165567
0.36091352,0.35688388,0.16892625,0.019979173,0.040023685,0.05327348
0.33338064,0.34027672,0.194072,0.024597047,0.045483366,0.062190227
0.32929522,0.3940542,0.15981641,0.017771324,0.044282343,0.05478039
0.27639416,0.37200043,0.21835244,0.020015944,0.052392427,0.06084461
0.2711188,0.446945,0.16668731,0.018727109,0.04213355,0.054388247
0.24581295,0.41164735,0.18259642,0.024318913,0.057513908,0.078110464
0.27273303,0.44098052,0.16494319,0.019222999,0.04719171,0.054928537
0.2966428,0.41325557,0.17583938,0.018033639,0.04192642,0.05430215
0.42817447,0.1960138,0.14782698,0.03337572,0.08886285,0.10574613
0.35598558,0.18426509,0.19206914,0.04308056,0.10180282,0.12279682
0.40851685,0.19495408,0.21002725,0.032100603,0.064255424,0.09014578
0.40262353,0.22263674,0.16217132,0.036061093,0.091672674,0.08483453
0.38610548,0.19248478,0.17453696,0.036509566,0.09279944,0.117563784
0.44866398,0.30219895,0.12593412,0.017772788,0.05366884,0.051761344
0.30525813,0.22056103,0.248965,0.043518685,0.080797866,0.100899294
0.41256046,0.24172941,0.13952336,0.02779594,0.075467095,0.102923796
0.39038083,0.21922515,0.14022426,0.03547224,0.09957085,0.11512671
0.44708854,0.263465,0.12558469,0.021874132,0.059695706,0.08229194
0.32652694,0.21239743,0.24691592,0.030625291,0.07898704,0.104547404
0.47830617,0.2138233,0.13241774,0.022496814,0.0648823,0.088073716
0.3871221,0.33604112,0.13296148,0.019947546,0.053262323,0.07066539
0.44899553,0.23886359,0.14151953,0.022484563,0.062413596,0.08572321
0.42858824,0.27971852,0.15010512,0.026238604,0.052064903,0.06328462
0.32640263,0.386101,0.16970852,0.020819835,0.040848956,0.056119084
0.3968631,0.18457755,0.20914042,0.036121108,0.07746617,0.09583168
0.38517484,0.30119383,0.12256853,0.02795751,0.10112423,0.06198104
0.28263313,0.32260966,0.1585772,0.036044925,0.10365534,0.096479766
0.37258273,0.24400367,0.14484113,0.033095457,0.11323181,0.092245206
0.2894147,0.29338577,0.16713361,0.038041007,0.12593976,0.08608515
0.24652553,0.2228535,0.192752,0.054674037,0.16834241,0.1148525
0.29876658,0.4228418,0.108349204,0.025214741,0.082635656,0.062192068
0.41393387,0.24283561,0.15717001,0.025047138,0.06406758,0.09694577
0.4162892,0.31106746,0.14088249,0.01897343,0.048882235,0.063905165
0.28967595,0.37142757,0.17025562,0.024049904,0.054234445,0.09035656
0.42882457,0.19495349,0.13505402,0.037488606,0.10324366,0.100435644
0.35970363,0.20940226,0.16381015,0.043453004,0.11290535,0.11072562
0.36395967,0.19781864,0.16758622,0.042262733,0.11862257,0.109750174
0.5459969,0.18450624,0.1300734,0.01906848,0.05689738,0.06345756
0.46880525,0.19668585,0.13351017,0.02852215,0.0820045,0.09047205
0.53295517,0.18680961,0.11576533,0.023231385,0.069466084,0.07177243
0.47412512,0.19527315,0.1385787,0.026693126,0.07971844,0.08561142
0.40229985,0.19778253,0.16574474,0.033264853,0.09588404,0.10502405
0.46560368,0.19756919,0.13141818,0.02839647,0.08639581,0.09061672
0.5152382,0.18280801,0.14003679,0.021598734,0.06506204,0.075256236
0.41477945,0.18859127,0.16012695,0.035773344,0.10006291,0.10066612
0.30591434,0.3016599,0.16432042,0.034098487,0.08520412,0.10880269
0.37225264,0.26283547,0.14595516,0.02873962,0.091838464,0.0983786
0.36417118,0.22770363,0.15263955,0.03676035,0.113071024,0.1056543
0.35957325,0.24488991,0.1499844,0.035122566,0.10404532,0.10638456
0.3341339,0.25859544,0.17082717,0.032504484,0.09906584,0.10487313
0.28016016,0.35922348,0.15145831,0.030569587,0.08619168,0.092396736
0.40899983,0.20452726,0.14320497,0.035820674,0.10358116,0.10386619
0.35971212,0.24009459,0.1540781,0.03551511,0.11025451,0.10034554
0.35638273,0.23133636,0.1562829,0.037784427,0.10829417,0.1099193
0.28575942,0.2847796,0.1605585,0.040164392,0.115000404,0.11373767
0.3002823,0.33177087,0.17403756,0.029003752,0.07389174,0.09101381
0.3860891,0.23330975,0.16304113,0.032132786,0.08862468,0.09680261
0.3968115,0.22252405,0.16373995,0.029268168,0.08804233,0.099614024
0.33700788,0.18961161,0.2198356,0.038933378,0.09581103,0.11880048
0.33342153,0.21265969,0.22138554,0.035372514,0.084255025,0.112905696
0.46074408,0.20699951,0.1541313,0.025375469,0.065457284,0.08729238
0.4822972,0.19705816,0.15686399,0.021325612,0.062502794,0.0799523
0.36850372,0.17876467,0.18396969,0.04277618,0.104360916,0.121624775
0.32858378,0.19007319,0.22301134,0.03994476,0.09647686,0.121910125
0.3097048,0.21313244,0.21563746,0.040417798,0.09649297,0.12461451
0.46304542,0.1963132,0.14300255,0.0266216,0.085558295,0.08545899
0.36602685,0.18150419,0.20241117,0.04032529,0.09177138,0.11796106
0.40307954,0.26256818,0.17560618,0.021553427,0.053874586,0.08331816
0.46674472,0.17451541,0.13516644,0.03079109,0.089591704,0.103190534
0.49765715,0.16230534,0.1781669,0.020836193,0.056735758,0.08429874
0.4717933,0.17505664,0.1360949,0.030319378,0.08879839,0.097937435
0.5380016,0.17666167,0.14316005,0.018478686,0.055381227,0.068316765
0.29521844,0.18908367,0.27545747,0.03840899,0.08106065,0.12077074
0.30800733,0.2056328,0.27968523,0.027312435,0.07145841,0.10790382
0.2820759,0.17227364,0.33770117,0.029639518,0.068452336,0.10985748
0.4023195,0.19318384,0.18724784,0.030414196,0.08335625,0.10347834
0.28753227,0.21357818,0.17833084,0.045193262,0.16231862,0.113046885
0.31509528,0.2559627,0.27265984,0.023275143,0.05163156,0.08137551
0.2783448,0.23311275,0.2729506,0.030128317,0.076056495,0.10940704
0.2510373,0.2464977,0.26105443,0.046723016,0.07806513,0.11662241
0.24808127,0.26784322,0.2642848,0.0357344,0.071867764,0.11218856
0.28999,0.3455839,0.2216118,0.02682061,0.04686068,0.069133006
0.35715145,0.2295374,0.24525921,0.029353607,0.05311343,0.085584864
0.25006485,0.2493113,0.2619328,0.044191755,0.07839773,0.11610156
0.24810225,0.22639811,0.2655998,0.051579617,0.08862348,0.11969678
0.27464557,0.42523247,0.16255541,0.024177229,0.04987362,0.06351572
0.3204891,0.21671596,0.24033332,0.039535698,0.07175463,0.111171305
0.30858874,0.27712685,0.21461755,0.034469567,0.07650404,0.088693276
0.3665997,0.19858631,0.18545966,0.043913767,0.08151341,0.123927146
0.3144321,0.22869322,0.20457575,0.04573076,0.08239775,0.12417038
0.4043105,0.20448665,0.17462683,0.03605085,0.06918162,0.11134355
0.38793525,0.21346018,0.16564271,0.033575673,0.08314892,0.11623725
0.35994744,0.23103671,0.17959224,0.04150893,0.08013164,0.107783034
0.39428452,0.1958574,0.18048756,0.045944236,0.081152394,0.102273874
0.40741944,0.21939799,0.15429194,0.03245973,0.0869922,0.09943872
0.30265135,0.3640115,0.14527187,0.028835637,0.06876496,0.09046468
0.22795603,0.22729944,0.27637,0.051228534,0.0858757,0.1312703
0.20508769,0.19633183,0.28676155,0.07331074,0.10897088,0.12953733
0.3241166,0.24380936,0.21743102,0.04095981,0.073459044,0.1002242
0.2841062,0.42108274,0.15035444,0.022116877,0.04960013,0.072739616
0.23835883,0.48841614,0.13949205,0.019047603,0.04849332,0.066192076
0.19991821,0.38589483,0.20941952,0.028592305,0.07270431,0.103470765
0.23539403,0.43623307,0.19121341,0.020449715,0.045587692,0.07112214
0.2812804,0.36477682,0.17938483,0.03434544,0.05836861,0.08184394
0.25795034,0.2388498,0.26235086,0.047944646,0.07443932,0.118465066
0.28173694,0.28477103,0.20137917,0.034048237,0.09636662,0.10169799
0.24853738,0.2836083,0.15258108,0.04021656,0.15316598,0.12189072
0.2969095,0.22215335,0.22128358,0.05125232,0.08602924,0.122372
0.27006382,0.22297685,0.23869422,0.054988932,0.089335114,0.123941064
0.3393635,0.2137285,0.19176844,0.046546496,0.08317512,0.125418
0.29919624,0.2720388,0.22946346,0.032960523,0.068787165,0.09755379
0.41857392,0.2272342,0.14384946,0.03620245,0.08196324,0.09217673
0.42175126,0.27672732,0.14971484,0.027783563,0.048720106,0.07530296
0.4458566,0.2668663,0.13949102,0.02687592,0.054347545,0.06656266
0.4682245,0.26932907,0.113182485,0.028833173,0.056180257,0.06425049
0.4692941,0.27985495,0.10195783,0.026746657,0.056221962,0.065924406
0.43781257,0.2254388,0.15784243,0.032804683,0.06649229,0.079609245
0.4653568,0.2593682,0.1124356,0.02739443,0.06483824,0.07060668
0.32581696,0.23508057,0.22608978,0.044066332,0.078081325,0.09086506
0.41951397,0.26046753,0.13428728,0.034292687,0.07199049,0.07944806
0.42019874,0.30927852,0.1216224,0.02365397,0.055427574,0.069818825
0.40780297,0.23974131,0.18808931,0.02565071,0.05782717,0.0808886
0.40730777,0.27187222,0.13280423,0.033775575,0.07449762,0.07974257
0.49336672,0.23811476,0.11239624,0.025314977,0.06337496,0.06743239
0.35388827,0.33737394,0.14423811,0.028026301,0.05881301,0.07766045
0.46564743,0.2066099,0.17479366,0.02566443,0.05622776,0.07105678
0.2952653,0.33023378,0.1553886,0.04151531,0.09011982,0.087477185
0.27449572,0.37715116,0.16987562,0.033033863,0.06582765,0.07961601
0.32259476,0.43468887,0.11738465,0.021155838,0.046323903,0.05785204
0.24728465,0.36506668,0.19606519,0.033232097,0.06853717,0.08981418
0.41734856,0.30800822,0.13416053,0.024074355,0.047883146,0.068525165
0.28252274,0.41956246,0.14419186,0.024845619,0.05835007,0.07052724
0.24908336,0.35107803,0.20898291,0.034115158,0.076045774,0.08069481
0.25167263,0.38791794,0.15940681,0.037506938,0.08084445,0.08265121
0.32691345,0.33332688,0.1447698,0.036162302,0.07688304,0.08194457
0.3349453,0.36387682,0.14214978,0.02644612,0.063764885,0.06881714
0.38817358,0.36886275,0.102525756,0.02233603,0.061860055,0.056241855
0.5009763,0.26116467,0.13365795,0.017654408,0.03826524,0.048281398
0.4087348,0.25557196,0.17841613,0.028903805,0.057507563,0.07086575
0.23058897,0.35559162,0.12840126,0.04321549,0.14433384,0.097868845
0.29193884,0.45270717,0.15762219,0.01658688,0.037422214,0.043722644
0.2533657,0.34870958,0.23541929,0.026025007,0.055667304,0.080813184
0.26894945,0.407412,0.19089404,0.018422024,0.045211192,0.0691113
0.4381812,0.23802313,0.11254689,0.03156809,0.07451912,0.10516153
0.42622182,0.24352962,0.124034554,0.031089913,0.07021402,0.104910076
0.46133155,0.22024062,0.10181641,0.03393907,0.07767898,0.10499336
0.4033198,0.26992115,0.12867394,0.031387717,0.068278745,0.09841865
0.3448245,0.22304934,0.17389844,0.045264732,0.092538774,0.120424174
0.2622891,0.37367865,0.14295273,0.03379493,0.08793048,0.09935416
0.24036384,0.41535076,0.16750173,0.025100075,0.061466567,0.090217
0.2886446,0.36752635,0.14432971,0.030264433,0.06804814,0.101186775
0.28441906,0.40174678,0.13448931,0.025212029,0.059629466,0.094503336
0.27385777,0.38446325,0.14939907,0.027863123,0.067122065,0.09729479
0.4733187,0.23151766,0.10659286,0.027920164,0.07562121,0.08502944
0.2967213,0.23844433,0.1421084,0.062377978,0.13247709,0.12787093
0.416624,0.38592416,0.07639906,0.016406627,0.055793658,0.048852492
0.4756948,0.27688268,0.09832824,0.018844424,0.06598249,0.06426738
0.45149982,0.19771045,0.121117555,0.029391339,0.11192406,0.088356756
0.3227704,0.29096892,0.14405839,0.032106172,0.11297538,0.09712073
0.28064442,0.4473637,0.1280991,0.019070426,0.051677797,0.07314451
0.27210063,0.24558748,0.27129102,0.03141248,0.061585873,0.11802252
0.27121213,0.23351994,0.27692676,0.038743205,0.07217032,0.10742769
0.27118897,0.22698714,0.28748414,0.037906513,0.06771131,0.10872196
0.30164614,0.35072976,0.18533431,0.028989226,0.058371395,0.07492918
0.43934363,0.2686218,0.12256212,0.027859472,0.052901037,0.088711925
0.35439605,0.27446184,0.15348364,0.039238896,0.06585392,0.11256561
0.337354,0.33936188,0.15237337,0.026637059,0.056908116,0.08736554
0.48918936,0.23620245,0.12916213,0.023324838,0.051721666,0.07039963
0.3477017,0.34098458,0.14912827,0.026312381,0.052166075,0.083706945
0.43750367,0.28003883,0.13260648,0.024975862,0.052771937,0.07210319
0.41235286,0.25506946,0.14456487,0.03379532,0.06453402,0.089683376
0.37219733,0.27410614,0.16665341,0.031903606,0.06419246,0.09094712
0.41512427,0.21395671,0.17151204,0.03583646,0.06888659,0.094683975
0.41759944,0.21552895,0.16404651,0.036442563,0.07108771,0.09529481
0.39159936,0.3080267,0.13981043,0.0293879,0.056468558,0.074707076
0.27686659,0.23538113,0.28718886,0.03896573,0.06770488,0.0938928
0.35435373,0.25718346,0.1826173,0.036303796,0.07235033,0.09719148
0.34796554,0.2777653,0.18532702,0.038051393,0.06871944,0.082171366
0.26655385,0.40338126,0.1712696,0.029760228,0.054977503,0.07405758
0.25278103,0.3103509,0.20219758,0.045363575,0.0796895,0.10961744
0.32775453,0.3152439,0.17117049,0.031744935,0.062097795,0.09198829
0.28309816,0.39827174,0.15733622,0.026713036,0.053276155,0.0813047
0.34381124,0.2815913,0.1697255,0.03691005,0.06354492,0.10441697
0.46936512,0.24139349,0.15200342,0.022041302,0.047490135,0.06770658
0.33271566,0.20843805,0.15330085,0.0463361,0.15601605,0.10319328
0.30716455,0.254334,0.15369284,0.043710973,0.14157784,0.09951987
0.24645162,0.27447465,0.21521899,0.043058127,0.11071966,0.11007698
0.33100295,0.2722518,0.16164377,0.03747604,0.10071859,0.09690679
0.29134238,0.23259966,0.26304245,0.041600764,0.062258027,0.10915668
0.36876297,0.24305144,0.23269713,0.027682897,0.050320484,0.077485085
0.40641955,0.32292226,0.13521108,0.021430869,0.05001147,0.06400479
0.4024255,0.25134203,0.1516316,0.033542145,0.06869258,0.09236621
0.36475888,0.25709054,0.16313702,0.040986255,0.077429995,0.096597224
0.4267079,0.25976235,0.12967134,0.032191414,0.06734216,0.0843248
0.4395408,0.25178918,0.12608331,0.031751107,0.06624845,0.084587194
0.42482594,0.28077206,0.12129919,0.029961292,0.062566526,0.080575004
0.3887969,0.27343273,0.13869521,0.033567674,0.07400514,0.09150239
0.4225523,0.24698278,0.1361874,0.03162275,0.06774333,0.09491147
0.3622266,0.42598134,0.12317074,0.0142574115,0.030351503,0.044012353
0.30045697,0.5019535,0.10252571,0.014296921,0.033098854,0.047668055
0.35483772,0.41742852,0.122762695,0.016703095,0.03597766,0.05229036
0.38985157,0.38366085,0.11435698,0.01737592,0.03992209,0.054832637
0.4092785,0.40202987,0.104039356,0.012945875,0.028669044,0.043037307
0.42386624,0.27563912,0.16005193,0.021527883,0.04666713,0.072247736
0.24785027,0.2271751,0.19946158,0.05060937,0.16175579,0.11314796
0.3820014,0.39630765,0.09818377,0.018530553,0.061178233,0.04379843
0.2642542,0.35978436,0.18247937,0.032796625,0.060522307,0.100163095
0.30286106,0.34384242,0.18235022,0.026962643,0.05202516,0.091958486
0.40625185,0.22607657,0.21108887,0.02401365,0.04786002,0.08470903
0.37225166,0.2579853,0.17073554,0.032043602,0.05992639,0.10705756
0.34838387,0.19881172,0.22140202,0.035290457,0.08629694,0.10981499
0.41099057,0.19177029,0.19072323,0.031664815,0.07145353,0.103397615
0.37116778,0.20628485,0.19523175,0.038690668,0.08141555,0.1072094
0.4055415,0.21378914,0.17425942,0.032096803,0.07146566,0.10284737
0.39128163,0.21454966,0.19078115,0.031707693,0.06702981,0.104650065
0.45383134,0.18172811,0.17572923,0.026489936,0.07027319,0.091948226
0.37928036,0.17562498,0.20433542,0.036435597,0.09528972,0.10903391
0.4887959,0.21513467,0.15712681,0.019072756,0.04404537,0.07582447
0.47642434,0.20133775,0.20234732,0.016360065,0.037593372,0.065937154
0.4209499,0.23865989,0.21658322,0.01862386,0.036662318,0.068520784
0.29529205,0.298341,0.19566737,0.032269493,0.064550065,0.11388003
0.41417658,0.27495956,0.14454144,0.028627474,0.057395585,0.0802994
0.26652545,0.33745217,0.1483863,0.042137623,0.08800591,0.117492534
0.30307385,0.40975752,0.12432281,0.023889728,0.056732096,0.08222403
0.2521782,0.34317508,0.1637019,0.041558456,0.0818173,0.11756903
0.4050257,0.31800625,0.113269314,0.023948647,0.060540996,0.079209015
0.3522818,0.52014214,0.05797357,0.010418304,0.028334724,0.030849423
0.3455683,0.3797893,0.120316744,0.019111026,0.06546143,0.069753185
0.22773364,0.43894777,0.15036683,0.02330928,0.084164426,0.07547805
0.36761442,0.40677804,0.13702902,0.012981029,0.028615212,0.04698231
0.35083053,0.46403715,0.10345511,0.012266448,0.02638576,0.043024972
0.2548813,0.29104155,0.2526496,0.03230027,0.058783527,0.1103437
0.29594845,0.3323146,0.16144782,0.033301786,0.06479253,0.11219479
0.32807487,0.3737567,0.14625369,0.021729808,0.046124376,0.08406055
0.38841248,0.19406754,0.16496348,0.048418038,0.09677591,0.10736248
0.4161859,0.19850317,0.18004438,0.037401356,0.076398924,0.09146625
0.38994062,0.18188111,0.17982818,0.048011713,0.09346015,0.10687825
0.27601135,0.2515213,0.21536204,0.045384496,0.11980334,0.091917485
0.41030636,0.19081132,0.17279989,0.03984912,0.084396385,0.101836964
0.43623048,0.18821919,0.16641197,0.03658164,0.07860977,0.093947046
0.41532177,0.17654143,0.18071234,0.040515844,0.08489956,0.10200904
0.49313658,0.19112754,0.1539103,0.026941678,0.061784163,0.0730998
0.3987185,0.18123654,0.17695607,0.04532168,0.093639165,0.10412798
0.4732799,0.20761353,0.15662923,0.027154531,0.062072717,0.073250115
0.4609333,0.3086391,0.11971383,0.019695388,0.043262117,0.04775627
0.5279411,0.19356573,0.1359582,0.02505847,0.0552321,0.062244408
0.43832767,0.1971181,0.17191465,0.03263268,0.07204365,0.08796322
0.49283326,0.18967384,0.15074031,0.027190285,0.06333554,0.07622677
0.4180414,0.20090747,0.1686445,0.03688279,0.0792063,0.096317515
0.4371994,0.3488371,0.116521314,0.016640676,0.037347905,0.04345355
0.34926134,0.21063653,0.18355832,0.05751609,0.09478441,0.10424329
0.31354427,0.22930664,0.17314571,0.06444383,0.110865556,0.10869404
0.3996024,0.18705161,0.15625136,0.056904588,0.1044622,0.09572781
0.31984264,0.18862388,0.23009758,0.055562463,0.092039146,0.113834314
0.3575717,0.20368627,0.17801963,0.059873156,0.10091307,0.09993622
0.3845476,0.21075654,0.15302272,0.055956293,0.103685275,0.09203151
0.33140817,0.3247542,0.1534365,0.03508099,0.06929936,0.0860208
0.3635497,0.27773383,0.20549801,0.028366297,0.052436106,0.07241601
0.33067572,0.40043995,0.14500313,0.023154845,0.04545463,0.05527173
0.27279848,0.2464747,0.22928476,0.05232556,0.091123104,0.10799339
0.28371024,0.19820002,0.27055955,0.058666267,0.08459926,0.104264736
0.32537633,0.23937438,0.24077573,0.038530245,0.07049076,0.08545259
0.34652805,0.3520532,0.1890031,0.019642439,0.039779305,0.05299394
0.2682824,0.21346852,0.24548537,0.059874047,0.094365604,0.11852404
0.29182097,0.2093511,0.2388877,0.06013092,0.09302132,0.10678803
0.2336405,0.18890646,0.33907613,0.052900836,0.07809388,0.10738222
0.35623777,0.25364378,0.20695904,0.035611037,0.06168668,0.08586168
0.30676293,0.28069207,0.22785981,0.029805075,0.07228178,0.08259831
0.333749,0.32846972,0.24467266,0.014834095,0.036209226,0.042065255
0.21613918,0.3513635,0.24980414,0.028549042,0.06623329,0.08791086
0.27907395,0.20231485,0.2928244,0.044654272,0.07293513,0.10819738
0.31673563,0.1912679,0.24358582,0.05081293,0.09568013,0.101917565
0.24374422,0.3462962,0.18930493,0.038053833,0.096002325,0.08659849
0.25580856,0.3465952,0.2032336,0.036839996,0.06924816,0.08827451
0.33476707,0.277012,0.21200177,0.031118385,0.06565631,0.07944453
0.3042892,0.21327968,0.2485971,0.0465763,0.087685265,0.09957252
0.4037966,0.21287468,0.14705193,0.04381984,0.100468814,0.09198819
0.39120996,0.21750641,0.14270726,0.045115236,0.105434254,0.098026834
0.24266435,0.3525407,0.19604015,0.03586584,0.084586576,0.088302374
0.38332468,0.23076808,0.17766422,0.033434093,0.08334749,0.09146136
0.35155955,0.23250088,0.18308863,0.041296106,0.09561502,0.09593977
0.45377597,0.23308453,0.11724888,0.03701568,0.08333357,0.07554137
0.49927273,0.1908651,0.1232824,0.03605297,0.07626981,0.07425696
0.500336,0.18133862,0.12204503,0.03596142,0.07730405,0.08301483
0.4678579,0.19832742,0.13511625,0.03503855,0.07777573,0.08588417
0.41485375,0.19336034,0.1325469,0.048784845,0.113215595,0.09723857
0.27843454,0.41355777,0.16574802,0.022318713,0.052599233,0.067341745
0.36347973,0.2175943,0.18372348,0.045063976,0.08690655,0.10323197
0.22443916,0.3528923,0.21360314,0.033807438,0.08095332,0.09430464
0.26202628,0.48278043,0.133238,0.016371215,0.04714044,0.05844359
0.26346964,0.33039466,0.21750219,0.031423643,0.07053704,0.086672805
0.23821767,0.34963244,0.19733524,0.03497482,0.093805015,0.086034775
0.25930184,0.32555288,0.20576163,0.03532833,0.076764934,0.097290404
0.26439503,0.29371497,0.17850515,0.05140534,0.09404727,0.11793225
0.3714917,0.27713874,0.1717624,0.028041895,0.0755406,0.076024644
0.33795965,0.3730969,0.14784007,0.025817692,0.055573564,0.059712134
0.3647423,0.21309814,0.15644558,0.04823573,0.106009275,0.11146904
0.25527617,0.47052023,0.14417368,0.01966969,0.04246996,0.0678903
0.23800382,0.34785736,0.19830486,0.03563573,0.06878952,0.11140871
0.28651857,0.38912386,0.21893558,0.017588349,0.04124108,0.046592597
0.28602472,0.40080628,0.16557316,0.023027223,0.05213134,0.072437234
0.33927622,0.32538,0.16102315,0.034012165,0.068707526,0.071600996
0.29624403,0.32955155,0.19106083,0.03205167,0.07087462,0.0802173
0.24322632,0.23199166,0.29364908,0.04549859,0.084501706,0.1011326
0.37398982,0.31271908,0.18203045,0.02464745,0.05040334,0.05620987
0.4037238,0.25899142,0.17776577,0.02677056,0.06069795,0.072050534
0.26689997,0.32074744,0.214149,0.03629191,0.06739416,0.09451745
0.23834333,0.38832176,0.15859415,0.03698326,0.09548229,0.08227523
0.4462682,0.219193,0.12106974,0.036205485,0.089978635,0.08728489
0.38048232,0.22779825,0.16687897,0.03778528,0.088894054,0.09816115
0.3549478,0.18171072,0.23641899,0.04073314,0.08944604,0.096743286
0.28482398,0.23568219,0.28301355,0.031051423,0.069978625,0.09545015
0.37694398,0.377741,0.16060807,0.013077836,0.031663727,0.039965443
0.281845,0.2220386,0.2696304,0.046041954,0.08171963,0.09872436
0.38599807,0.2221374,0.23874518,0.024672348,0.054393675,0.074053355
0.320427,0.20949396,0.22850467,0.045302674,0.09289764,0.103374064
0.36046964,0.29670054,0.16252716,0.030642917,0.07493126,0.07472852
0.3801691,0.3312405,0.18734153,0.016538408,0.038689025,0.046021413
0.32382703,0.3563565,0.20855968,0.018109377,0.040001884,0.053145535
0.1890491,0.22201777,0.30374983,0.06175995,0.10956758,0.113855734
0.24830851,0.32285935,0.2547226,0.029985856,0.0678791,0.07624459
0.2315493,0.3763325,0.21779966,0.030385053,0.066811085,0.07712236
0.3042407,0.20460157,0.25417703,0.04268969,0.09328646,0.10100459
0.33831698,0.22320944,0.17775024,0.04730361,0.10721944,0.10620028
0.38517275,0.357938,0.17259365,0.013209879,0.03084457,0.04024115
0.3307866,0.2154827,0.2052151,0.04769904,0.09444241,0.10637417
0.34215516,0.2131087,0.23092547,0.037282553,0.0780763,0.09845185
0.39512992,0.3091548,0.18754381,0.017790519,0.04147737,0.048903562
0.38612375,0.3235551,0.18494698,0.017903702,0.03931257,0.048157897
0.39871806,0.3445025,0.13907939,0.019348172,0.04610466,0.052247208
0.4147438,0.29500154,0.19363002,0.016205858,0.034104582,0.046314195
0.37547946,0.3001365,0.2021881,0.020639269,0.044174396,0.057382256
0.28604344,0.26787344,0.24094523,0.034597524,0.07882991,0.09171047
0.21130015,0.36728677,0.23039435,0.03178178,0.07796899,0.081267916
0.33549294,0.2411446,0.2732663,0.02413027,0.049689222,0.07627666
0.25225988,0.3403247,0.25212622,0.023841728,0.06059219,0.07085534
0.40634575,0.19391617,0.18271111,0.040775303,0.07964391,0.096607745
0.41835177,0.22363308,0.14494164,0.0396908,0.09091524,0.08246746
0.5724214,0.21170068,0.101013355,0.01892147,0.04829828,0.04764478
0.38637382,0.348712,0.15570493,0.018651703,0.04480024,0.045757316
0.34209853,0.23399955,0.16684194,0.050231233,0.107734054,0.099094726
0.38809288,0.20802549,0.15050724,0.05124113,0.1075308,0.094602495
0.33676845,0.21962571,0.19098939,0.050604597,0.10008462,0.10192726
0.26581353,0.28847596,0.19824149,0.04377634,0.083740056,0.119952574
0.38689402,0.27288407,0.1564604,0.027360626,0.063996814,0.092404105
0.46066266,0.26553762,0.15823983,0.015089987,0.036155686,0.064314246
0.3474546,0.18511097,0.15083462,0.05246122,0.11365271,0.15048589
0.41758153,0.4559738,0.060475707,0.008522719,0.025497882,0.03194838
0.40930644,0.19263253,0.15424871,0.03297019,0.080013424,0.13082874
0.36985418,0.1715532,0.17642027,0.04229992,0.09216702,0.14770538
0.36717215,0.20301272,0.13863349,0.042245477,0.10395478,0.1449814
0.2907492,0.20294128,0.1862145,0.05296591,0.11088066,0.15624852
0.30617744,0.20321217,0.15510516,0.056678116,0.13464046,0.14418663
0.28627297,0.20513204,0.1840198,0.055075802,0.11404357,0.15545592
0.33425716,0.20819288,0.18804994,0.042907134,0.09119404,0.13539886
0.4252505,0.20014821,0.14497596,0.030277703,0.07992446,0.11942315
0.3967412,0.46417668,0.06740237,0.009679238,0.026239336,0.03576122
0.5683667,0.19857213,0.11494599,0.014559569,0.040520344,0.06303524
0.4337464,0.22096294,0.16519956,0.023600891,0.057894923,0.09859529
0.2910959,0.25317052,0.22517905,0.031030439,0.06904671,0.1304774
0.47507498,0.19946358,0.122707866,0.024440896,0.06969336,0.10861935
0.31198344,0.3908627,0.11528394,0.023874108,0.0599801,0.098015636
0.4013173,0.21278618,0.15611565,0.030711763,0.07216606,0.12690303
0.29732233,0.28169212,0.16217318,0.03452381,0.09444365,0.12984489
0.32632035,0.32408231,0.14530452,0.02737951,0.07031592,0.10659742
0.3701257,0.26934412,0.15249723,0.027336787,0.06927955,0.11141656
0.27366924,0.60937357,0.05771438,0.007973048,0.022320952,0.028948903
0.19893607,0.3965852,0.19004905,0.0324419,0.06560557,0.1163822
0.25324354,0.55229664,0.104185574,0.012124418,0.032659937,0.045489877
0.25799727,0.5787543,0.0796643,0.01123829,0.031316318,0.041029487
0.3586981,0.4146412,0.10760865,0.014815028,0.039134525,0.06510249
0.2822721,0.38552013,0.1567693,0.024170062,0.054855753,0.096412614
0.26382634,0.59395,0.073732734,0.0089742,0.025510268,0.034006488
0.28393596,0.31980026,0.16925742,0.03138537,0.07632466,0.1192963
0.26292622,0.34275284,0.18868634,0.029297378,0.071535826,0.10480143
0.278703,0.5835057,0.07360877,0.009144341,0.02564437,0.029393824
0.24921808,0.5509944,0.10105468,0.014600022,0.03875175,0.045381133
0.21525024,0.40455836,0.1671446,0.028879318,0.07651165,0.10765584
0.34035867,0.24874394,0.18453981,0.03253427,0.07522608,0.11859727
0.2144759,0.4587171,0.15118217,0.022527765,0.05828116,0.094815865
0.34460092,0.3157014,0.1638397,0.023212003,0.057317883,0.095328055
0.32891786,0.26863194,0.16344948,0.03329137,0.081481785,0.12422758
0.40732008,0.22750142,0.17056793,0.02524416,0.06623539,0.10313107
0.23300835,0.37687442,0.17976521,0.03034967,0.072349206,0.107653104
0.26071632,0.5921349,0.07907922,0.009761334,0.0272063,0.031101946
0.37906364,0.18296419,0.14342822,0.041548733,0.105302244,0.14769298
0.24043332,0.28745854,0.18956614,0.042008456,0.09566438,0.1448691
0.2207838,0.25458738,0.20502596,0.05260106,0.11593991,0.15106195
0.39793244,0.2169213,0.13789079,0.05316912,0.10175975,0.0923266
0.391557,0.22199193,0.14208229,0.05551676,0.10277354,0.08607853
0.34981018,0.21607345,0.15540245,0.06618146,0.120875105,0.09165733
0.34359488,0.22003488,0.15388863,0.067424804,0.12506457,0.089992225
0.36469364,0.23783351,0.14869156,0.054045793,0.10498813,0.08974734
0.42331767,0.27188557,0.1349588,0.032337524,0.0699297,0.06757076
0.45432153,0.28015897,0.11846481,0.02638873,0.06185487,0.058811113
0.42294133,0.29986566,0.13190277,0.025895655,0.05754658,0.061848003
0.44434416,0.32450014,0.12357614,0.019347351,0.043069296,0.04516289
0.4596929,0.3334254,0.10208178,0.019077258,0.04340042,0.04232225
0.41193599,0.30415663,0.119845904,0.031051643,0.06622877,0.06678109
0.45640147,0.3443793,0.096435234,0.018599411,0.04232633,0.04185825
0.4846323,0.31096953,0.09632766,0.01886322,0.044414695,0.04479254
0.39331636,0.34409428,0.14996922,0.019945562,0.04000237,0.052672185
0.4377236,0.32866123,0.120797336,0.021226823,0.044396203,0.0471948
0.418921,0.33096573,0.13048512,0.022623684,0.047214724,0.04978979
0.44691327,0.32398918,0.117063954,0.021220168,0.046172984,0.044640407
0.4616931,0.31234077,0.11092697,0.022203796,0.0486848,0.0441506
0.41844997,0.3331719,0.13001017,0.022388687,0.047648206,0.048331015
0.42802382,0.31444657,0.13647386,0.023265954,0.04826898,0.049520824
0.43576953,0.319427,0.120973356,0.023859082,0.050756928,0.0492141
0.50882596,0.26808646,0.10874671,0.021741156,0.04689572,0.045704022
0.4136964,0.33703753,0.13114315,0.021902617,0.04813232,0.048088
0.3957168,0.27533865,0.14517981,0.035325516,0.07555926,0.072879985
0.43160114,0.3234901,0.12298862,0.023256462,0.049518198,0.04914547
0.42532495,0.3428808,0.11851621,0.02076632,0.04772421,0.044787537
0.4339018,0.32964587,0.1236522,0.020856896,0.046095617,0.0458476
0.46780664,0.29824895,0.117792405,0.020847537,0.04851675,0.046787716
0.47871858,0.30576363,0.11371864,0.01881583,0.04152143,0.04146186
0.41383058,0.28093326,0.13596414,0.032015458,0.069409475,0.067847125
0.43451166,0.2886038,0.1306326,0.026848435,0.058369514,0.061033994
0.4369923,0.32828707,0.1254329,0.019399615,0.04390305,0.045985095
0.2551878,0.34717372,0.21505788,0.029627424,0.06217391,0.09077926
0.25470755,0.29316658,0.24150378,0.031724695,0.06855516,0.11034226
0.27241784,0.27380347,0.23740344,0.036533505,0.07286832,0.106973425
0.38815168,0.24662715,0.14916761,0.035487246,0.08416571,0.096400715
0.42965698,0.23128062,0.13835481,0.033112157,0.07666373,0.09093168
0.38854405,0.24112433,0.15329562,0.033911306,0.08163799,0.10148668
0.3890577,0.28494346,0.14572951,0.025321642,0.06676261,0.0881851
0.34444922,0.25240302,0.15474868,0.045046225,0.09308548,0.11026739
0.28226426,0.38384712,0.15998186,0.026852952,0.06291708,0.0841367
0.25124723,0.25374094,0.30226916,0.033952087,0.061779648,0.097010955
0.22807713,0.20867102,0.3464661,0.04037217,0.07237074,0.10404281
0.24607575,0.27476013,0.19802555,0.042149905,0.13003623,0.10895247
